PID,SID,OID,LLO,LCO,NAME_SI,NAME_TA,NAME_EN,Old Code
49,1,925,1-2-03-005,005,කම්මල්තුර,கம்மல்துரை,Kammalthura,77A
49,2,926,1-2-03-010,010,උතුරු පල්ලන්සේන,பல்லனசேன வடக்கு,Pallansena North,77
49,3,927,1-2-03-015,015,කොච්චිකඩේ,கொச்சிக‍டை,Kochchikade,78
49,4,928,1-2-03-020,020,දකුණු පල්ලන්සේන,பல்லண்‍சேன தெற்கு,Pallansena South,76
49,5,929,1-2-03-025,025,දළුවකොටුව,தலுவகொடுவ,Daluwakotuwa,74
49,6,930,1-2-03-030,030,පලඟතුරේ,பலங்கது‍ரை,Palangathure,75A
49,7,931,1-2-03-035,035,ඒත්තුකාල,ஏத்துகால,Ettukala,73
49,8,932,1-2-03-040,040,නැගෙනහිර දළුවකොටුව,தலுவகொட்டுவ கிழக்கு,Daluwakotuwa East,74A
49,9,933,1-2-03-045,045,කට්ටුව,கட்டுவ,Kattuwa,75
49,10,934,1-2-03-050,050,නැගෙනහිර දළුපත,தலுபொத்த கிழக்கு,Dalupotha East,72A
49,11,935,1-2-03-055,055,දළුපත,தலுபொத்த,Dalupotha,72
49,12,936,1-2-03-060,060,කුඩපාඩුව,குடாபாடுவ,Kudapaduwa,73A
49,13,937,1-2-03-065,065,කුඩපාඩුව උතුර,குடாபாடுவ வடக்கு,Kudapaduwa North,73B
49,14,938,1-2-03-070,070,කුඩපාඩුව දකුණ,குடாபாடுவ தெற்கு,Kudapaduwa South,73C
49,15,939,1-2-03-075,075,වැල්ල වීදිය,கடற்கரைத் தெரு,Wella Weediya,158
49,16,940,1-2-03-080,080,වැල්ල වීදිය නැගෙනහිර,கடற்கரை தெரு கிழக்கு,Wella Weediya East,158B
49,17,941,1-2-03-085,085,පෙරියමුල්ල,பெரியமுல்ல,Periyamulla,159
49,18,942,1-2-03-090,090,හුණුපිටිය,ஹுனுபிடிய,Hunupitiya,159A
49,19,943,1-2-03-095,095,අඟුරුකාරමුල්ල,அங்குருகரமுள்ள,Angurukaramulla,161A
49,20,944,1-2-03-100,100,උඩයාර්තෝප්පුව,உடையார் தோப்பு,Udayarthoppuwa,160
49,21,945,1-2-03-105,105,දකුණු වැල්ල වීදිය,தெற்கு கடற்கரைத்தெரு,Wella Weediya South,158A
49,22,946,1-2-03-110,110,උතුරු මුන්නක්කරය,வடக்கு முன்னக்கரை,Munnakkarai North,156A
49,23,947,1-2-03-115,115,දූව,தீவு,Doowa,162A
49,24,948,1-2-03-120,120,උතුරු පිටිපන,வடக்கு பிடிபன,Pitipana North,162
49,25,949,1-2-03-125,125,මැද පිටිපන,மத்திய பிடிபன,Pitipana Central,162D
49,26,950,1-2-03-130,130,මුන්නක්කරය,முன்னக்கரை,Munnakkaraya,156
49,27,951,1-2-03-135,135,නැගෙනහිර මුන්නක්කරය,கிழக்கு முன்னக்கரை,Munnakkarai East,156B
49,28,952,1-2-03-140,140,තලාදූව,தலாதீவு,Thaladuwa,160A
49,29,953,1-2-03-145,145,දකුණු උඩයාර්තෝප්පුව,தெற்கு உடையார் தோப்பு,Udayarthoppuwa South,160B
49,30,954,1-2-03-150,150,බෝලවලාන,‍போலவலான,Bolawalana,157
49,31,955,1-2-03-155,155,බටහිර කුරණ,‍மேற்கு குரண,Kurana West,157B
49,32,956,1-2-03-160,160,නැගෙනහිර කුරණ,குரண கிழக்கு,Kurana East,157A
49,33,957,1-2-03-165,165,සිරිවර්ධන පෙදෙස,சிரிவர்தன பிரதேசம்,Siriwardana Pedesa,156C
49,34,958,1-2-03-170,170,දකුණ පිටිපන නැගෙනහිර,தெற்கு பிடிபன கிழக்கு,South Pitipana East,162C
49,35,959,1-2-03-175,175,දකුණු පිටිපන,தெற்கு பிடிபன,Pitipana South,162B
49,36,960,1-2-03-180,180,තලාහේන,தலா‍ஹேன,Thalahena,163
49,37,961,1-2-03-185,185,දුන්ගාල්පිටිය,துன்கால்பிடிய,Dungalpitiya,163B
49,38,962,1-2-03-190,190,සෙත්තප්පාඩුව,செத்தப்பாடுவ,Seththappaduwa,163C
49,39,963,1-2-03-195,195,කැපුන්ගොඩ,கபுன்கொட,Kepungoda,163A
50,1,964,1-2-06-005,005,මුරුතාන,முருதான,Muruthana,66
50,2,965,1-2-06-010,010,මානාවේරිය,மானாவெரிய,Manaveriya,67A
50,3,966,1-2-06-015,015,උඩංගාව,உடங்காவ,Udangawa,67
50,4,967,1-2-06-020,020,තෝප්පුව,‍தோப்புவ,Thoppuwa,65A
50,5,968,1-2-06-025,025,බම්බුකුලිය,பம்புக்குளிய,Bambukuliya,65
50,6,969,1-2-06-030,030,කටාන උතුර,கட்டான வடக்கு,Katana North,64A
50,7,970,1-2-06-035,035,කටාන නැගෙනහිර,கட்டான கிழக்கு,Katana East,63
50,8,971,1-2-06-040,040,කටාන බටහිර,கட்டான ‍மேற்கு,Katana West,64
50,9,972,1-2-06-045,045,මහ ඇත්ගාල,மஹா எத்கால,Maha Ethgala,68A
50,10,973,1-2-06-050,050,ඇත්ගාල,எத்கால,Ethgala,68
50,11,974,1-2-06-055,055,අඩික්කන්ඩිය,அடிக்கண்டிய,Adikkandiya,69B
50,12,975,1-2-06-060,060,වැලිහේන උතුර,வெலி‍ஹேண வடக்கு,Welihena North,69
50,13,976,1-2-06-065,065,වැලිහේන දකුණ,வெலி‍ஹேண தெற்கு,Welihena South,69A
50,14,977,1-2-06-070,070,පහළ කඳවල,பஹல கந்தவல,Pahala Kandawala,70A
50,15,978,1-2-06-075,075,ඇත්ගාල දකුණ,எத்கால தெற்கு,Ethgala South,68B
50,16,979,1-2-06-080,080,ඉහළ කදවල,இஹல கந்தவள,Ihala Kandawala,70
50,17,980,1-2-06-085,085,කළුවරිප්පුව බටහිර,களுவரிப்புவ ‍மேற்கு,Kaluwarippuwa West,94
50,18,981,1-2-06-090,090,‍කොන්දගම්මුල්ල,கொண்தகம்முல்ல,Kondagammulla,93
50,19,982,1-2-06-095,095,කටියල,கட்டியால,Katiyala,93B
50,20,983,1-2-06-100,100,කදිරාන උතුර,கதிரான வடக்கு,Kadirana North,93A
50,21,984,1-2-06-105,105,කේ .සී ද සිල්වාපුර,‍‍கே.சீ.த. சில்வா புரம்,K.C. De Silvapura,70B
50,22,985,1-2-06-110,110,තිඹිරිගස්කටුව,திம்பிரிகஸ்கட்டுவ,Thimbirigaskatuwa,71
50,23,986,1-2-06-115,115,සෙල්ලකන්ද,செல்லகந்த,Sellakanda,161C
50,24,987,1-2-06-120,120,කටුවපිටිය,கட்டுவாபிட்டிய,Katuwapitiya,161B
50,25,988,1-2-06-125,125,මහහුණුපිටිය බටහිර,மஹஹுணுபிட்டிய ‍மேற்கு,Mahahunupitiya West,161D
50,26,989,1-2-06-130,130,මහහුණුපිටිය නැගෙනහිර,மஹஹுணுபிட்டிய கிழக்கு,Mahahunupitiya East,161
50,27,990,1-2-06-135,135,පහළ කදිරාන,பஹல கதிரான,Pahala Kadirana,93F
50,28,991,1-2-06-140,140,කදිරාන,கதிரான,Kadirana,93E
50,29,992,1-2-06-145,145,අක්කර 50,அக்கர 50,Akkara 50,93D
50,30,993,1-2-06-150,150,කදිරාන දකුණ,கதிரான தெற்கு,Kadirana South,93C
50,31,994,1-2-06-155,155,කිඹුලාපිටිය බටහිර,கிம்புலாபிட்டிய ‍மேற்கு,Kimbulapitiya West,92B
50,32,995,1-2-06-160,160,කිඹුලාපිටිය උතුර,கிம்புலாபிட்டிய வடக்கு,Kimbulapitiya North,92A
50,33,996,1-2-06-165,165,කිඹුලාපිටිය දකුණ,கிம்புலாபிட்டிய தெற்கு,Kimbulapitiya South,92
50,34,997,1-2-06-170,170,කිඹුලාපිටිය මධ්‍යම,மத்திய கிம்புலாபிட்டிய,Kimbulapitiya Central,92C
50,35,998,1-2-06-175,175,ආඬිඅම්බලම බටහිර,ஆடியம்பலம ‍மேற்கு,Andiambalama West,155
50,36,999,1-2-06-180,180,වල්පොල,வல்பொல,Walpola,155A
50,37,1000,1-2-06-185,185,ආඬිඅම්බලම නැගෙනහිර,ஆடியம்பலம கிழக்கு,Andiambalama East,155B
50,38,1001,1-2-06-190,190,දැවමොට්ටාව,‍‍தெவமொட்டாவ,Dewamottawa,154
50,39,1002,1-2-06-195,195,කෝවින්න,‍‍கோவின்ன,Kovinna,151
50,40,1003,1-2-06-200,200,ඇවරිවත්ත,எவரிவத்தை,Evariwatta,149
50,41,1004,1-2-06-205,205,ගුවන් හමුදා කඳවුර,விமானப்படை முகாம்,Air Force Camp,150
50,42,1005,1-2-06-210,210,කුරණ කටුනායක,குரண கட்டுநாயக்கா மேற்கு,Kurana Katunayaka Central,142B
50,43,1006,1-2-06-215,215,කුරණ කටුනායක,குரண கட்டுநாயக வடக்கு,Kurana Katunayaka,142
50,44,1007,1-2-06-220,220,කුරණ කටුනායක දකුණ,குரண கட்டுநாயக தெற்கு,Kurana Katunayaka South,142A
50,45,1008,1-2-06-225,225,කටුනායක උතුර,கட்டுநாயக வடக்கு,Katunayaka North,143
50,46,1009,1-2-06-230,230,කටුනායක දකුණ,கட்டுநாயக தெற்கு,Katunayaka South,143A
50,47,1010,1-2-06-235,235,වලානගොඩ,வளாணகொட,Walanagoda,152A
50,48,1011,1-2-06-240,240,කලහපිටිය,களஹபிட்டிய,Kalahapitiya,154A
50,49,1012,1-2-06-245,245,මඩවල,மடவல,Madawala,152
50,50,1013,1-2-06-250,250,මුතුවාඩිය,முதுவாடிய,Muthuwadiya,201
50,51,1014,1-2-06-255,255,ලියනගේමුල්ල උතුර,லியண‍கேமுல்ல வடக்கு,Liyanagemulla North,144A
50,52,1015,1-2-06-260,260,ලියනගේමුල්ල දකුණ,லியண‍கேமுல்ல தெற்கு,Liyanagemulla South,144
50,53,1016,1-2-06-265,265,අමන්දොළුව,அமந்தொலுவ,Amandoluwa,148
50,54,1017,1-2-06-270,270,තැම්පල,தெம்பல,Thampala,200
50,55,1018,1-2-06-275,275,කුස්වල,குஸ்வள,Kuswala,202
50,56,1019,1-2-06-280,280,ගනේපොල,க‍ணேப்பொல,Ganepola,203
50,57,1020,1-2-06-285,285,හීනටියන බටහිර,ஹீணட்டியண ‍மேற்கு,Heenatiyana West,153
50,58,1021,1-2-06-290,290,හීනටියන දකුණ,ஹீணட்டியண தெற்கு,Heenatiyana South,153B
50,59,1022,1-2-06-295,295,හීනටියන නැගෙනහිර,ஹீணட்டியண கிழக்கு,Heenatiyana East,153A
50,60,1023,1-2-06-300,300,රද්දොළුගම උතුර ඒ,இரத்தொழுகம வடக்கு ' A ',Raddolugama North A,199F
50,61,1024,1-2-06-305,305,රද්දොළුගම උතුර,இரத்தொழுகம வடக்கு,Raddolugama North,199C
50,62,1025,1-2-06-310,310,රද්දොළුගම දකුණ,இரத்தொழுகம தெற்கு,Raddolugama South,199B
50,63,1026,1-2-06-315,315,රද්දොළුගම දකුණ ඒ,இரத்தொழுகம தெற்கு ' A ',Raddolugama South A,199E
50,64,1027,1-2-06-320,320,රද්දොළුව උතුර,இரத்தொழுவ வடக்கு,Raddoluwa North,199
50,65,1028,1-2-06-325,325,රද්දොළුව බටහිර,இரத்தொழுவ ‍மேற்கு,Raddoluwa West,199D
50,66,1029,1-2-06-330,330,සීදූව,சீதுவ,Seeduwa,147
50,67,1030,1-2-06-335,335,මූකලන්ගමුව බටහිර,மூகளன்கமுவ ‍மேற்கு,Mookalangamuwa West,145B
50,68,1031,1-2-06-340,340,මූකලන්ගමුව නැගෙනහිර,மூகளன்கமுவ கிழக்கு,Mookalangamuwa East,145A
50,69,1032,1-2-06-345,345,බණ්ඩාරවත්ත නැගෙනහිර,பண்டாரவத்த கிழக்கு,Bandarawatta East,145C
50,70,1033,1-2-06-350,350,බණ්ඩාරවත්ත බටහිර,பண்டாரவத்த ‍மேற்கு,Bandarawatta West,145
50,71,1034,1-2-06-355,355,දඹදුරය,தம்பதுரய,Dambaduraya,198A
50,72,1035,1-2-06-360,360,රද්දොළුව දකුණ,இரத்தொழுவ தெற்கு,Raddoluwa South,199A
50,73,1036,1-2-06-365,365,ලන්සියාවාඩිය,லங்சியாவாடிய,Lansiyawadiya,204A
50,74,1037,1-2-06-370,370,කොටුගොඩ,கொடுகொட,Kotugoda,204
50,75,1038,1-2-06-375,375,කසගහවත්ත,கஸகஹவத்த,Kasagahawatta,204B
50,76,1039,1-2-06-380,380,උදම්මිට උතුර,உடம்மிட வடக்கு,Udammita North,197
50,77,1040,1-2-06-385,385,අලවතුපිටිය,அளவதுபிடிய,Alawathupitiya,198
50,78,1041,1-2-06-390,390,උදම්මිට දකුණ,உடம்மிட தெற்கு,Udammita South,197A
50,79,1042,1-2-06-395,395,අම්බලන්මුල්ල,அம்பளம்முள்ள,Ambalammulla,146
51,1,1043,1-2-09-005,005,ආඬිමුල්ල,ஆண்டிமுல்ல,Andimulla,61A
51,2,1044,1-2-09-010,010,අම්බලයාය,அம்பளயாய,Ambalayaya,61
51,3,1045,1-2-09-015,015,බෝලගල,‍போல்லகல,Bolagala,60A
51,4,1046,1-2-09-020,020,ඔතරවාඩිය,ஒத்தரவாடிய,Otharawadiya,60
51,5,1047,1-2-09-025,025,ගොඩිගමුව බටහිර,கொடிகமுவ ‍மேற்கு,Godigamuwa West,57
51,6,1048,1-2-09-030,030,ගොඩිගමුව නැගෙනහිර,கொடிகமுவ கிழக்கு,Godigamuwa East,57A
51,7,1049,1-2-09-035,035,බලවල,பலவள,Balawala,56C
51,8,1050,1-2-09-040,040,බඩල්ගම,படல்கம,Badalgama,56
51,9,1051,1-2-09-045,045,දෙල්පකඩවර,தெல்பகடவர,Delpakadawara,56A
51,10,1052,1-2-09-050,050,සිරිගපාතවත්ත,சிரிகபாதவத்த,Sirigapathawatta,55C
51,11,1053,1-2-09-055,055,පැතිගොඩ,பதிகொட,Pethigoda,55
51,12,1054,1-2-09-060,060,අළුගොල්ල,அளுகொள்ள,Alugolla,55B
51,13,1055,1-2-09-065,065,පොල්වත්ත,பொல்வத்த,Polwatta,54A
51,14,1056,1-2-09-070,070,පොල්හේන,பொல்‍ஹேண,Polhena,80E
51,15,1057,1-2-09-075,075,මැල්ලවගෙදර,மல்லவகெதர,Mellawagedara,80A
51,16,1058,1-2-09-080,080,දික්ලන්ද,திக்லந்த,Diklanda,80D
51,17,1059,1-2-09-085,085,කටුකෙන්ද,கட்டுகெந்த,Katukenda,55A
51,18,1060,1-2-09-090,090,අකරන්ගහ,அக்கரங்கஹ,Akarangaha,56B
51,19,1061,1-2-09-095,095,කෙහෙල්ඇල්ල බටහිර,கெஹெல்எல்ல ‍மேற்கு,Kehelella West,82C
51,20,1062,1-2-09-100,100,ලිහිණියගම්මන,இலிஹினியகம்மன,Lihiniyagammana,82B
51,21,1063,1-2-09-105,105,අකරගම නැගෙනහිර,அகரகம கிழக்கு,Akaragama East,58B
51,22,1064,1-2-09-110,110,අකරගම බටහිර,அகரகம ‍மேற்கு,Akaragama West,58
51,23,1065,1-2-09-115,115,අකරගම උතුර,அக்கரகம வடக்கு,Akaragama North,58C
51,24,1066,1-2-09-120,120,පහළ මඩම්පැල්ල,பகல மடம்பல்ல,Pahala Madampella,59
51,25,1067,1-2-09-125,125,හල්පෙ,ஹல்‍பே,Halpe,61B
51,26,1068,1-2-09-130,130,නැගෙනහිර කළුවාරිප්පුව උතුර,கிழக்கு களுவாரிப்புவ வடக்கு,East Kaluwarippuwa North,95A
51,27,1069,1-2-09-135,135,කොන්ගොඩමුල්ල උතුර,கோனகொடமுள்ள வடக்கு,Koonagodamulla North,62B
51,28,1070,1-2-09-140,140,කොන්ගොඩමුල්ල බටහිර,கொங்கொடமுள்ள ‍மேற்கு,Kongodamulla West,62
51,29,1071,1-2-09-145,145,කොන්ගොඩමුල්ල දකුණ,கொங்கொடமுள்ள தெற்கு,Kongodamulla South,62C
51,30,1072,1-2-09-150,150,කොන්ගොඩමුල්ල නැගෙනහිර,கோன்கொடமுல்ல கிழக்கு,Kongodamulla East,62A
51,31,1073,1-2-09-155,155,ඉහළ මඩම්පැල්ල උතුර,இஹல மடம்பல்ல வடக்கு,Ihala Madampella North,58E
51,32,1074,1-2-09-160,160,ඉහළ මඩම්පැල්ල බටහිර,இஹல மடம்பல்ல ‍மேற்கு,Ihala Madampella West,58D
51,33,1075,1-2-09-165,165,ඉහළ මඩම්පැල්ල නැගෙනහිර,இஹல மடம்பல்ல கிழக்கு,Ihala Madampella East,58A
51,34,1076,1-2-09-170,170,ඉහළගම,இஹலகம,Ihalagama,58F
51,35,1077,1-2-09-175,175,කෙහෙල්ඇල්ල දකුණ,கெஹெல்எல்ல தெற்கு,Kehelella South,82A
51,36,1078,1-2-09-180,180,කෙහෙල්ඇල්ල උතුර,கெஹெல்எல்ல வடக்கு,Kehelella North,82
51,37,1079,1-2-09-185,185,දෙල්වගුර,தெல்வகுர,Delwagura,81
51,38,1080,1-2-09-190,190,වෑකඩ,‍‍வேகட,Wekada,80B
51,39,1081,1-2-09-195,195,කළුමඩ,களுமட,Kalumada,80C
51,40,1082,1-2-09-200,200,අගලෙගෙදර,அகலெகெதர,Agalegedara,79C
51,41,1083,1-2-09-205,205,වරාදල,வராதள,Waradala,79A
51,42,1084,1-2-09-210,210,කොටදෙනියාව,கொட்டதெணியாவ,Kotadeniyawa,54B
51,43,1085,1-2-09-215,215,එරබද්ද,எரபத்த,Erabadda,54
51,44,1086,1-2-09-220,220,දියගම්පල,தியகம்பல,Diyagampala,53C
51,45,1087,1-2-09-225,225,කොරදමින්න,கொரதமிண்ண,Koradaminna,53E
51,46,1088,1-2-09-230,230,දිඹුල්දෙනිය,திபுல்தெனிய,Dimbuldeniya,53B
51,47,1089,1-2-09-235,235,පරගොඩ උතුර,தொரொவ்வ பரகொட பகுதி,Paragoda North,53F
51,48,1090,1-2-09-240,240,පරගොඩ දකුණ,பராகொட தெற்கு,Paragoda South,53A
51,49,1091,1-2-09-245,245,මොරගල්කන්ද,மொரகல்கந்த,Moragalkanda,53D
51,50,1092,1-2-09-250,250,නාවාන බටහිර,நாவண ‍மேற்கு,Nawana West,53
51,51,1093,1-2-09-255,255,හෙට්ටිමුල්ල,ஹெட்டிமுள்ள,Hettimulla,52B
51,52,1094,1-2-09-260,260,හල්ලො‍ලුව,அம்பகஹலந்த பகுதி,Halloluwa,52
51,53,1095,1-2-09-265,265,කැලෑගෙදර,க‍லேகெதர,Kelegedara,52A
51,54,1096,1-2-09-270,270,හීරළුගෙදර,ஹீரலுகெதர,Heeralugedara,79B
51,55,1097,1-2-09-275,275,වල්පිට,வல்பிட,Walpita,79
51,56,1098,1-2-09-280,280,වෙලගාන,வெலகாண,Welagana,80
51,57,1099,1-2-09-285,285,තම්මිට,தம்மிட்ட,Thammita,84
51,58,1100,1-2-09-290,290,පල්ලියපිටිය බටහිර,பல்லியபிடிய ‍மேற்கு,Palliyapitiya West,83
51,59,1101,1-2-09-295,295,ඉඳුරාගාර උතුර,இந்துராகார வடக்கு,Induragara North,88A
51,60,1102,1-2-09-300,300,ඉඳුරාගාර දකුණ,இந்துராகார தெற்கு,Induragara South,88D
51,61,1103,1-2-09-305,305,කඩවල උතුර,கடவள வடக்கு,Kadawala North,96A
51,62,1104,1-2-09-310,310,කඩවල,கடவள,Kadawala,96
51,63,1105,1-2-09-315,315,නැගෙනහිර කළුවාරිප්පුව දකුණ,கிழக்கு களுவாரிப்புவ தெற்கு,East Kaluwarippuwa South,95
51,64,1106,1-2-09-320,320,මිරිස්වත්ත,மிரிஸ்வத்த,Miriswatta,95B
51,65,1107,1-2-09-325,325,දාගොන්න උතුර,தாகொண்ண வடக்கு,Dagonna North,91
51,66,1108,1-2-09-330,330,දාගොන්න නැගෙනහිර,தாகொண்ண கிழக்கு,Dagonna East,91C
51,67,1109,1-2-09-335,335,හල්ගහවෙලවත්ත,ஹல்கஹவெளவத்த,Halgahawelawatta,90B
51,68,1110,1-2-09-340,340,කටුවැල්ලේගම උතුර,கட்டுவலேகம வடக்கு,Katuwellegama North,90A
51,69,1111,1-2-09-345,345,කඩවල දකුණ,கடவள தெற்கு,Kadawala South,96B
51,70,1112,1-2-09-350,350,බටේපොල,பட்‍டேபொல,Batepola,88B
51,71,1113,1-2-09-355,355,දූනගහ දකුණ,தூணகஹ தெற்கு,Doonagaha South,88C
51,72,1114,1-2-09-360,360,දූනගහ,தூணகஹ,Doonagaha,88
51,73,1115,1-2-09-365,365,පෑල්ලියපිටිය නැගෙනහිර,பல்லியபிடிய கிழக்கு,Palliyapitiya East,83A
51,74,1116,1-2-09-370,370,හුණුමුල්ල,ஹுணுமுள்ள,Hunumulla,86
51,75,1117,1-2-09-375,375,හපුගහගම,ஹபுகஹகம,Hapugahagama,85B
51,76,1118,1-2-09-380,380,බරවාවිල,பரவாவிள,Barawavila,85
51,77,1119,1-2-09-385,385,කුඩගම්මන,குடகம்மண,Kudagammana,51
51,78,1120,1-2-09-390,390,පහළ මඩිතියවල,பஹல மடிதியவள,Pahala Madithiyawala,46
51,79,1121,1-2-09-395,395,කළුඅග්ගල,களுஅக்கள,Kaluaggala,44A
51,80,1122,1-2-09-400,400,කුලීගෙදර,குளீகெதர,Kuleegedara,45
51,81,1123,1-2-09-405,405,නාවාන නැගෙනහිර,நாவாண கிழக்கு,Nawana East,53G
51,82,1124,1-2-09-410,410,නරියමුල්ල,நாரியமுள்ள,Nariyamulla,42A
51,83,1125,1-2-09-415,415,හල්පෙ,ஹல்‍பே,Halpe,42
51,84,1126,1-2-09-420,420,පරණ හල්පෙ බටහිර,பரண ஹல்‍பே மேற்கு,Parana Halpe West,41
51,85,1127,1-2-09-425,425,පරණ හල්පෙ නැගෙනහිර,பரண ஹல்‍பே கிழக்கு,Parana Halpe East,41A
51,86,1128,1-2-09-430,430,ගුරුල්ලගම,குருள்ளகம,Gurullagama,42B
51,87,1129,1-2-09-435,435,ඉහළ කිතුල්වල,இஹல கித்துல்வள,Ihala Kithulwala,43A
51,88,1130,1-2-09-440,440,පහළ කිතුල්වල,பஹல கித்துல்வள,Pahala Kithulwala,43
51,89,1131,1-2-09-445,445,කිතුල්වල උතුර,கித்துல்வள வடக்கு,Kithulwala North,43B
51,90,1132,1-2-09-450,450,කළුඅග්ගල පහළගම,களுஅக்கள பஹலகம,Kaluaggala Pahalagama,44B
51,91,1133,1-2-09-455,455,වත්තේමුල්ල,வத்‍தேமுள்ள,Wattemulla,44
51,92,1134,1-2-09-460,460,ඉහළ මඩිතියවල,இஹல மடிதியவள,Ihala Madithiyawala,46A
51,93,1135,1-2-09-465,465,හඟ‍‍වත්ත,ஹங்கவத்த,Hangawatta,47
51,94,1136,1-2-09-470,470,රස්සපාන,ரஸ்ஸபான,Rassapana,48
51,95,1137,1-2-09-475,475,බලගල්ල බටහිර,பலகல்ல ‍மேற்கு,Balagalla West,50
51,96,1138,1-2-09-480,480,පරණ හන්දිය,பரண ஹந்திய,Parana Handiya,50B
51,97,1139,1-2-09-485,485,පින්නකැලේ,பிண்ணகெ‍லே,Pinnakele,85A
51,98,1140,1-2-09-490,490,පින්නකැලේ දකුණ,பிண்ணகெ‍லே தெற்கு,Pinnakele South,85C
51,99,1141,1-2-09-495,495,ඌරපාන,ஊரபாண,Urapana,86B
51,100,1142,1-2-09-500,500,කැලෑපිටිමුල්ල,கெ‍லேபிட்டிமுள்ள,Kelepitimulla,86A
51,101,1143,1-2-09-505,505,සායක්කාරමුල්ල,சாயக்கரமுள்ள,Sayakkaramulla,86C
51,102,1144,1-2-09-510,510,හේන්පිටගෙදර,‍‍ஹேண்பிடகெதர,Henpitagedara,87C
51,103,1145,1-2-09-515,515,අළුතැපොල බටහිර,அளுத்‍தேபொல ‍மேற்கு,Aluthepola West,89
51,104,1146,1-2-09-520,520,තොටිල්ලගහවත්ත,தொட்டில்லகஹவத்த,Thotillagahawatta,89A
51,105,1147,1-2-09-525,525,කටුවැල්ලේගම දකුණ,கட்டுவெல்‍லேகம தெற்கு,Katuwellegama South,90
51,106,1148,1-2-09-530,530,පලුගහවෙල,பலுகஹவெள,Palugahawela,91B
51,107,1149,1-2-09-535,535,දාගොන්න දකුණ,தாகொண்ண தெற்கு,Dagonna South,91A
51,108,1150,1-2-09-540,540,හපුවලාන දකුණ,ஹப்புவளாண தெற்கு,Hapuwalana South,87B
51,109,1151,1-2-09-545,545,හපුවලාන,ஹப்புவளாண,Hapuwalana,87
51,110,1152,1-2-09-550,550,බෝමුගම්මන උතුරඋතුර,பொமுகம்மண வடக்கு,Bomugammana North,97A
51,111,1153,1-2-09-555,555,බෝමුගම්මන දකුණ,பொமுகம்மண தெற்கு,Bomugammana South,97B
51,112,1154,1-2-09-560,560,පින්නලන්ද,பிண்ணலந்த,Pinnalanda,97D
51,113,1155,1-2-09-565,565,දිවුලපිටිය,திவுலபிட்டிய,Divulapitiya,97
51,114,1156,1-2-09-570,570,බලගල්ල නැගෙනහිර,பலகல்ல கிழக்கு,Balagalla East,50A
51,115,1157,1-2-09-575,575,උල්ලලපොල නැගෙනහිර,உள்ளனபொல கிழக்கு,Ullapola East,49
51,116,1158,1-2-09-580,580,උල්ලලපොල බටහිර,உள்ளபொல மேற்கு,Ullapola West,49A
51,117,1159,1-2-09-585,585,වැවගෙදර,வெவகெதர,Wewagedara,97C
51,118,1160,1-2-09-590,590,හොරගස්මුල්ල,ஹொரகஸ்முள்ள,Horagasmulla,97E
51,119,1161,1-2-09-595,595,අස්වැන්නවත්ත නැගෙනහිර,அஸ்வெண்ணவத்த கிழக்கு,Aswennawatta East,104
51,120,1162,1-2-09-600,600,හපුවලාන උතුර,ஹப்புவளாண வடக்கு,Hapuwalana North,87A
51,121,1163,1-2-09-605,605,අස්වැන්නවත්ත බටහිර,அஸ்வெண்ணவத்த மேற்கு,Aswennawatta West,104A
51,122,1164,1-2-09-610,610,වේරගොඩමුල්ල,‍‍வேரகொடமுள்ள,Weragodamulla,104B
51,123,1165,1-2-09-615,615,අළුතැපොල නැගෙනහිර,அளுத்‍தேபொல கிழக்கு,Aluthepola East,89B
52,1,1166,1-2-12-005,005,නාල්ල,நால்ல,Nalla,3A
52,2,1167,1-2-12-010,010,ගිරිඋල්ලගම,கிரிஉல்லகம,Giriullagama,1A
52,3,1168,1-2-12-015,015,ලෝලුවාගොඩ,லொலுவாகொட,Loluwagoda,1
52,4,1169,1-2-12-020,020,දෙල්වල දකුණ,தெல்வள தெற்கு,Delwala South,3B
52,5,1170,1-2-12-025,025,දෙල්වල,தெல்வள,Delwala,3
52,6,1171,1-2-12-030,030,ලෝලුවාගොඩ දකුණ,லொலுவாகொட தெற்கு,Loluwagoda South,1B
52,7,1172,1-2-12-035,035,මදුරුපිටිය,மதுருபிட்டிய,Madurupitiya,11
52,8,1173,1-2-12-040,040,හපුගහගෙදර,ஹபுகஹகெதர,Hapugahagedara,11A
52,9,1174,1-2-12-045,045,කඳන්ගමුව,கந்தன்கமுவ,Kadangamuwa,2
52,10,1175,1-2-12-050,050,හේනේගම,‍‍‍ஹேனெகம,Henegama,5
52,11,1176,1-2-12-055,055,මාලදෙණිය,மலதெணிய,Maladeniya,4A
52,12,1177,1-2-12-060,060,කහදව,கஹந்தவ,Kahadawa,4
52,13,1178,1-2-12-065,065,කණ්ඩලම,கந்டலம,Kandalama,6
52,14,1179,1-2-12-070,070,වල්බෝතලේ,வல்‍போத‍லே,Walbotale,10
52,15,1180,1-2-12-075,075,පිරිස්යාල,பி‍ரிஸ்யால,Perisyala,12A
52,16,1181,1-2-12-080,080,කාමරන්ගාව,கமரகொட,Kamarangawa,12B
52,17,1182,1-2-12-085,085,කීනදෙනිය,கீணதெணிய,Keenadeniya,12
52,18,1183,1-2-12-090,090,බෝතලේ පහළගම උතුර,போத்த‍லே பகலகம வடக்கு,Bothale Pahalagama North,14E
52,19,1184,1-2-12-095,095,මාවීහේන,மாவீ‍‍ஹேன,Maweehena,9A
52,20,1185,1-2-12-100,100,කුරුඳුවත්ත,குருந்துவத்தை,Kurunduwatta,9B
52,21,1186,1-2-12-105,105,පුරාණ මීරිගම,புரான மீரிகம,Purana Meerigama,9
52,22,1187,1-2-12-110,110,හකුරුකුඹුර,அக்குருகும்புர,Hakurukumbura,7
52,23,1188,1-2-12-115,115,මුගුරුගම්පල,முருகம்பல,Mugurugampala,8
52,24,1189,1-2-12-120,120,විල්වත්ත,வில்வத்த,Vilwatta,15
52,25,1190,1-2-12-125,125,තවලම්පිටිය,தவலம்பிடிய,Thawalampitiya,15E
52,26,1191,1-2-12-130,130,බෝතලේ පහළගම,போத‍லே பஹலகம,Bothale Pahalagama,14
52,27,1192,1-2-12-135,135,බෝතලේ පහළගම බටහිර,போத‍லே பஹலகம ‍மேற்கு,Bothale Pahalagama West,14D
52,28,1193,1-2-12-140,140,බෝතලේ මැදගම,போத‍லே மெதகம,Bothale Medagama,14C
52,29,1194,1-2-12-145,145,බෝතලේ පහළගම නැගෙනහිර,போத‍லே பஹலகம கி‍ழக்கு,Bothale Pahalagama East,14F
52,30,1195,1-2-12-150,150,තලගම නැගෙනහිර,தளகம கி‍ழக்கு,Thalagama East,13B
52,31,1196,1-2-12-155,155,තලගම,தளகம,Thalagama,13A
52,32,1197,1-2-12-160,160,බලතව,பளதவ,Balathawa,13C
52,33,1198,1-2-12-165,165,මාකුර,மகூர,Makura,13
52,34,1199,1-2-12-170,170,පොත්තේකන්ද,பொத்தேகந்த,Pottekanda,14B
52,35,1200,1-2-12-175,175,බෝතලේ ඉහළගම,போத‍லே இஹலகம,Bothale Iahalagama,14A
52,36,1201,1-2-12-180,180,ආදාගලකන්ද,அண்டகலகந்த,Adagalakanda,14G
52,37,1202,1-2-12-185,185,ඉහළ හලුගම,இஹல ஹலுகம,Ihala Halugama,16F
52,38,1203,1-2-12-190,190,කිදිවල,கிந்திவள,Kidiwala,16B
52,39,1204,1-2-12-195,195,පහළ හලුගම,பஹல ஹலுகம,Pahala Halugama,16E
52,40,1205,1-2-12-200,200,මීරිගම,மீரிகம,Meerigama,15B
52,41,1206,1-2-12-205,205,වලව්වත්ත,வலவ்வத்த,Walawwatta,15D
52,42,1207,1-2-12-210,210,තිලිණගම,திலினகம,Thilinagama,40C
52,43,1208,1-2-12-215,215,විජයරජදහන,விஜயரஜ தஹன,Vijayarajadahana,40B
52,44,1209,1-2-12-220,220,නැලිගම ඉහළ,இஹல நெலிகம,Ihala Neligama,15C
52,45,1210,1-2-12-225,225,නැලිගම මධ්‍යම,மத்திய நெலிகம,Neligama Central,15F
52,46,1211,1-2-12-230,230,නැලිගම,நெலிகம,Neligama,15A
52,47,1212,1-2-12-235,235,ලින්දර,லிந்தர,Lindara,16
52,48,1213,1-2-12-240,240,හලුගම,ஹலுகம,Halugama,16A
52,49,1214,1-2-12-245,245,සියඹලාගොඩ,சியம்பலாகொட,Siyambalagoda,21C
52,50,1215,1-2-12-250,250,පහළ ලින්දර,பஹல லிந்தர,Pahala Lindara,16D
52,51,1216,1-2-12-255,255,පොහොන්නරුව,பொஹொண்ணறுவ,Pohonnaruwa,17
52,52,1217,1-2-12-260,260,ඉඳිපරපේ,இந்திபரப்‍பே,Indiparape,40A
52,53,1218,1-2-12-265,265,කොස්ඇටදෙනිය,கொஸ்எடதெனிய,Kosetadeniya,39
52,54,1219,1-2-12-270,270,ඉඹුලන්වල,இம்புலன்வள,Imbulanwala,38
52,55,1220,1-2-12-275,275,උඩුඋල්ල,உடுஉல்ல,Uduulla,37
52,56,1221,1-2-12-280,280,ගස්පේ,கஸ்‍பே,Gaspe,36
52,57,1222,1-2-12-285,285,බාඳුරාගොඩ,பாந்துராகொட,Banduragoda,35
52,58,1223,1-2-12-290,290,කැප්පිටිවලාන,கப்பிடிவலான,Keppitiwalana,34A
52,59,1224,1-2-12-295,295,ගස්පෙ පහළගම,கஸ்‍பே பஹலகம,Gaspe Pahalagama,36A
52,60,1225,1-2-12-300,300,ගල්ගාන,கல்காண,Galgana,32A
52,61,1226,1-2-12-305,305,පෙලපිටිගන,பெலபிட்டிகம,Pelapitigama,31B
52,62,1227,1-2-12-310,310,ඇල්හේන,எல்‍ஹேன,Elhena,31C
52,63,1228,1-2-12-315,315,ගනේගොඩ,கனேகொட,Ganegoda,40
52,64,1229,1-2-12-320,320,හිරිවල,ஹிரிவள,Hiriwala,40D
52,65,1230,1-2-12-325,325,හන්දුරුමුල්ල,ஹந்துருமுள்ள,Handurumulla,18A
52,66,1231,1-2-12-330,330,පමුණුවත්ත,பமுணுவத்த,Pamunuwatta,19A
52,67,1232,1-2-12-335,335,ලින්දර ඉහළ,இஹல லிந்தர,Ihala Lindara,16C
52,68,1233,1-2-12-340,340,අරුක්ගොඩ,அருக்கொட,Arukgoda,21A
52,69,1234,1-2-12-345,345,මඩබාවිට,மதபாவிட்ட,Madabavita,21
52,70,1235,1-2-12-350,350,මඩබාවිට ඉහළගම,மடபாவிட்ட இஹலகம,Madabavita Ihalagama,21B
52,71,1236,1-2-12-355,355,නැව්ගල,நவ்கல,Nawgala,22A
52,72,1237,1-2-12-360,360,දංඕවිට,த‍ணோவிட,Danovita,22
52,73,1238,1-2-12-365,365,වේවැල්දෙනිය පහළගම,‍‍வேவெல்தெணிய பஹலகம,Weweldeniya Pahalagama,20A
52,74,1239,1-2-12-370,370,වේවැල්දෙනිය පහළගම බටහිර,‍‍வேவெல்தெணிய பஹலகம ‍மேற்கு,Weweldeniya Pahalagama West,20B
52,75,1240,1-2-12-375,375,හේනේපොල,‍‍ஹேணெபொல,Henepola,19
52,76,1241,1-2-12-380,380,පල්මඩ,பல்மட,Palmada,18
52,77,1242,1-2-12-385,385,"කල්/පල්ලේවෙල, කොටකන්ද","கல் / பல்‍லேவெள, கொடகந்த","Kal /Pallewela, Kotakanda",26
52,78,1243,1-2-12-390,390,රද්දෙල්ගොඩ,ரத்தெல்கொட,Raddelgoda,28B
52,79,1244,1-2-12-395,395,ඉහළ බොකලගම,இஹல ‍போகலகம,Ihala Bokalagama,31A
52,80,1245,1-2-12-400,400,පහළ බොකලගම,பஹல போகலகம,Pahala Bokalagama,31
52,81,1246,1-2-12-405,405,කුකුල්නාපේ,குக்குள்னாப்பெ,Kukulnape,32
52,82,1247,1-2-12-410,410,ගස්පේ දකුණ,கஸ்‍பே தெற்கு,Gaspe South,36B
52,83,1248,1-2-12-415,415,මුද්දරගම,முத்தரகம,Muddaragama,34
52,84,1249,1-2-12-420,420,හන්චපොල,ஹண்சபொல,Hanchapola,33
52,85,1250,1-2-12-425,425,"හිරිකුළුව, ගණේමුල්ල, දෑත්ගම","ஹிரிகுளுவ,கணேமுல்ல,தத்கம","Hirikuluwa,Ganemulla,Dathgama",33A
52,86,1251,1-2-12-430,430,පාතගම,பாத்தகம,Pathagama,34B
52,87,1252,1-2-12-435,435,බොරුක්ගමුව බටහිර,பொருக்கமுவ மேற்கு,Borukgamuwa West,336B
52,88,1253,1-2-12-440,440,බොරැක්ගමුව,பொருக்கமுவ,Borukgamuwa,336
52,89,1254,1-2-12-445,445,පල්ලෙවෙල,பல்‍லேவெள,Pallewela,29A
52,90,1255,1-2-12-450,450,වේරගොඩ / කාක්කැලේ,‍வே‍‍ரகொட / கக்கெ‍லே,Weragoda / Kakkele,30A
52,91,1256,1-2-12-455,455,හන්සගිරිය,ஹண்ஸகிரிய,Hansagiriya,28F
52,92,1257,1-2-12-460,460,වැලවිලමුල්ල උතුර,வெலவிலமுள்ள வடக்கு,Welavilamulla North,28D
52,93,1258,1-2-12-465,465,වැලවිලමුල්ල,வெலவிலமுள்ள,Welavilamulla,28A
52,94,1259,1-2-12-470,470,උඩවෙල,உடவெள,Udawela,27
52,95,1260,1-2-12-475,475,හාපිටිගම,ஹப்பிட்டிகம,Hapitigama,25
52,96,1261,1-2-12-480,480,මක්කනිගොඩ උතුර,மக்கணிகொட வடக்கு,Makkanigoda North,25C
52,97,1262,1-2-12-485,485,පහළවෙල,பஹலவெள,Pahalawela,19B
52,98,1263,1-2-12-490,490,මිල්ලවල,மில்லவள,Millawala,20D
52,99,1264,1-2-12-495,495,වේවැල්දෙනිය ඉහළගම බටහිර,வேவெல்தெனிய இஹலகம மேற்கு,Weweldeniya Ihalagama West,20C
52,100,1265,1-2-12-500,500,වේවැල්දෙනිය ඉහළගම,வேவெல்தெனிய இஹலகம,Weweldeniya Ihalagama,20
52,101,1266,1-2-12-505,505,කොටදෙනිය,கொட்டதெனிய,Kotadeniya,23
52,102,1267,1-2-12-510,510,ඉලුක්පොත/වීරගොඩ,இலுக்பத / வீரகொட,Ilukpatha / Weragoda,23A
52,103,1268,1-2-12-515,515,හෙද්දෙනිකන්ද - රදාවඩුන්න,ஹெதெணிகந்த-ரதவடுண்ண,Hedidenikanda-Radawadunna,358A
52,104,1269,1-2-12-520,520,රදාවඩුන්න,ரதவடுண்ண,Radawadunna,360
52,105,1270,1-2-12-525,525,බටලීය,பட்டலீய,Bataleeya,25A
52,106,1271,1-2-12-530,530,බටලීය දකුණ,பட்டலீய தெற்கு,Bataleeya South,25B
52,107,1272,1-2-12-535,535,බොලාන,‍‍போலாண,Bolana,28C
52,108,1273,1-2-12-540,540,මල්ලැහැව,மல்லெஹெவ,Mallehewa,28
52,109,1274,1-2-12-545,545,වෑබඩමුල්ල,‍‍வேபடமுள்ள,Wabadamulla,28E
52,110,1275,1-2-12-550,550,වීරගොඩ,வீரகொட,Weragoda,30
52,111,1276,1-2-12-555,555,මිදෙල්ලවල,மிதெல்லவள,Midellawala,29
52,112,1277,1-2-12-560,560,කෙන්දලන්ද,கெந்தலந்த,Kendalanda,336A
52,113,1278,1-2-12-565,565,නුන්ගමුව,நுன்கமுவ,Nungamuwa,336C
52,114,1279,1-2-12-570,570,උතුවම්බෝගහවත්ත,உத்துவம்‍போகஹவத்த,Uthuwambogahawatta,335
52,115,1280,1-2-12-575,575,පහළ මාළිගාතැන්න,பஹல மாலிகாதென்ன,Pahala Maligathenna,337B
52,116,1281,1-2-12-580,580,මාළිගාතැන්න මධ්‍යම,மத்திய மாலிகாதென்ன,Maligathenna Central,337C
52,117,1282,1-2-12-585,585,වඳුරාව,வந்துராவ,Wandurawa,337
52,118,1283,1-2-12-590,590,ගල්ගමුව බටහිර,கல்கமுவ ‍மேற்கு,Galgamuwa West,338A
52,119,1284,1-2-12-595,595,ගල්ගමුව නැගෙනහිර,கல்கமுவ கிழக்கு,Galgamuwa East,338
52,120,1285,1-2-12-600,600,කුඹල්ඔලුව,கும்பல்லொலுவ,Kumbaloluwa,340
52,121,1286,1-2-12-605,605,ඉහළ කුම්බාලොලුව,இஹல கும்பல்லொலுவ,Ihala Kumbaloluwa,340B
52,122,1287,1-2-12-610,610,පහළ කුම්බාලොලුව,பஹல கும்பல்ஒலுவ,Pahala Kumbaloluwa,340A
52,123,1288,1-2-12-615,615,දුමුන්නේගෙදර දකුණ,துமுன்னேகெதர தெற்கு,Dumunnegedara South,341A
52,124,1289,1-2-12-620,620,දුමුන්නේගෙදර - කලටුවාව,துமுன்னேகெதர,Dumunnegedara - Kalatuwawa,341
52,125,1290,1-2-12-625,625,පස්යාල,பஸ்யால,Pasyala,342
52,126,1291,1-2-12-630,630,පස්යාල බටහිර,பஸ்யால மேற்கு,Pasyala West,342B
52,127,1292,1-2-12-635,635,මුරුතවල,முருதவல,Muruthawala,24
52,128,1293,1-2-12-640,640,කිතානවත්ත,கிதானவத்த,Kithanawatta,356A
52,129,1294,1-2-12-645,645,කම්මල්පිටිය,கம்மல்பிட்டிய,Kammalpitiya,360B
52,130,1295,1-2-12-650,650,රදාවඩුන්න මධ්‍යම,மத்திய ரதவடுன்ன,Radawadunna Central,360C
52,131,1296,1-2-12-655,655,ඉඹුල්ගස්ඕවිට,இம்புல்கஸ்ஓவிட்ட,Imbulgasovita,360D
52,132,1297,1-2-12-660,660,පහළ රදාවඩුන්න,பஹல ரதவடுன்ன,Pahala Radawadunna,360A
52,133,1298,1-2-12-665,665,වීරසූරියකන්ද,வீரசூரியகந்த,Weerasooriyakanda,358
52,134,1299,1-2-12-670,670,පස්යාල නැගෙනහිර,பஸ்யால கிழக்கு,Pasyala East,342A
52,135,1300,1-2-12-675,675,උඩුගම,உடுகம,Udugama,334A
52,136,1301,1-2-12-680,680,පනාවල,பணவள,Panawala,344
52,137,1302,1-2-12-685,685,දෙල්ගහමිදෙල්ල,தெல்கஹமிதெல்ல,Delgahamedilla,340C
52,138,1303,1-2-12-690,690,මොට්ටුන්න බටහිර,மொட்டுன்ன மேற்கு,Mottunna West,339A
52,139,1304,1-2-12-695,695,මොට්ටුන්න,மொத்துன்ன,Mottunna,339
52,140,1305,1-2-12-700,700,මාළිගාතැන්න,மாலிகாதென்ன,Maligathenna,337A
52,141,1306,1-2-12-705,705,කුරීකොටුව,குரீகொட்டுவ,Kureekotuwa,334
52,142,1307,1-2-12-710,710,හක්වඩුන,ஹக்வடுன,Hakwaduna,344A
52,143,1308,1-2-12-715,715,පහළ කුරීකොටුව,பஹல குரீகொட்டுவ,Pahala Kureekotuwa,334B
52,144,1309,1-2-12-720,720,ඇල්ලලමුල්ල,எல்லலமுள்ள,Ellalamulla,356
52,145,1310,1-2-12-725,725,දෙබහැර,தெபஹெர,Debahera,357A
52,146,1311,1-2-12-730,730,මාවතහේන,மாவத்த‍ஹேன,Mawathahena,357C
52,147,1312,1-2-12-735,735,මීවිටිය,மீவிட்டிய,Meevitiya,357
52,148,1313,1-2-12-740,740,කැටකලපිටිය,கெட்டகலபி்ட்டிய,Ketakalapitiya,357B
52,149,1314,1-2-12-745,745,දඹුටුව,தம்புட்டுவ,Dambutuwa,359
53,1,1315,1-2-15-005,005,මැඩෑමුල්ල උතුර,மெடேமுல்ல வடக்கு,Medemulla North,112/3
53,2,1316,1-2-15-010,010,නිල්පනාගොඩ බටහිර,நில்பனாகொட ‍மேற்கு,Nilpanagoda West,112/4
53,3,1317,1-2-15-015,015,නිල්පනාගොඩ නැගෙනහිර,நில்பனாகொட கிழக்கு,Nilpanagoda East,112/2
53,4,1318,1-2-15-020,020,නිල්පනාගොඩ,நில்பனாகொட,Nilpanagoda,112/1
53,5,1319,1-2-15-025,025,ආරංගාව,ஆரங்காவ,Arangawa,105/3
53,6,1320,1-2-15-030,030,හොරම්පැල්ල උතුර,ஹொரம்பெல்ல வடக்கு,Horampella North,105/1
53,7,1321,1-2-15-035,035,ගල්කන්ද,கல்கந்த,Galkanda,105/4
53,8,1322,1-2-15-040,040,බෝධිපිහිටුවල,‍போதிபிஹிட்டுவல,Bodhipihituwala,105/5
53,9,1323,1-2-15-045,045,වටිනපහ,வட்டினபஹ,Watinapaha,103
53,10,1324,1-2-15-050,050,මාබෝදල බටහිර,மா‍போதல மேற்கு,Mabodala West,98/3
53,11,1325,1-2-15-055,055,මාබෝදල උතුර,மா‍போதல வடக்கு,Mabodala North,98/1
53,12,1326,1-2-15-060,060,ඉහළ විතානමුල්ල,இஹல விதானமுல்ல,Ihala Vithanamulla,98/4
53,13,1327,1-2-15-065,065,නාලපහ,நலபஹ,Nalapaha,99/3
53,14,1328,1-2-15-070,070,පහළ විතානමුල්ල,பஹல விதானமுல்ல,Pahala Vithanamulla,98/5
53,15,1329,1-2-15-075,075,මාබෝදල නැගෙනහිර,மா‍போதல கிழக்கு,Mabodala East,98
53,16,1330,1-2-15-080,080,මාබෝදල දකුණ,மா‍போதல தெற்கு,Mabodala South,98/2
53,17,1331,1-2-15-085,085,වටිනපහ දකුණ,வடினபஹ தெற்கு,Watinapaha South,103/1
53,18,1332,1-2-15-090,090,වන්කැපුමුල්ල,வன்கெப்புமுல்ல,Wankepumulla,103/2
53,19,1333,1-2-15-095,095,කමරගොඩ,கமரகொட,Kamaragoda,103/3
53,20,1334,1-2-15-100,100,කුඩාගොඩ,குடாகொட,Kudagoda,105/6
53,21,1335,1-2-15-105,105,හොරම්පැල්ල දකුණ,ஹொரம்பெல்ல தெற்கு,Horampella South,105
53,22,1336,1-2-15-110,110,මහගම,மஹகம,Mahagama,105/2
53,23,1337,1-2-15-115,115,වෑගොව්ව දකුණ,‍‍‍வேகொவ்வ தெற்கு,Wegowwa South,113
53,24,1338,1-2-15-120,120,මිනුවන්ගොඩ නැගෙනහිර,மினுவன்கொ‍ட கிழக்கு,Minuwangoda East,125/3
53,25,1339,1-2-15-125,125,මිනුවන්ගොඩ උතුර,மினுவன்கொ‍ட வடக்கு,Minuwangoda North,125/2
53,26,1340,1-2-15-130,130,මැඩෑමුල්ල දකුණ,மெடேமுல்ல தெற்கு,Medemulla South,112
53,27,1341,1-2-15-135,135,බොරගොඩවත්ත උතුර,பொரகொடவத்த வடக்கு,Boragodawatta North,124
53,28,1342,1-2-15-140,140,යටියන,யட்டியன,Yatiyana,123
53,29,1343,1-2-15-145,145,පීල්ලවත්ත,பீல்லவத்த,Peellawatta,123/1
53,30,1344,1-2-15-150,150,උන්නාරුව,உன்னாருவ,Unnaruwa,122
53,31,1345,1-2-15-155,155,යටියන මධ්‍යම,மத்திய யட்டியன,Yatiyana Central,123/4
53,32,1346,1-2-15-160,160,යටියන නැගෙනහිර,யட்டியன கிழக்கு,Yatiyana East,123/3
53,33,1347,1-2-15-165,165,කෝපිවත්ත,‍கோபிவத்தை,Kopiwatta,123/2
53,34,1348,1-2-15-170,170,බොරගොඩවත්ත දකුණ,பொரகொடவத்த தெற்கு,Boragodawatta South,124/1
53,35,1349,1-2-15-175,175,මිනුවන්ගොඩ බටහිර,மினுவன்கொ‍ட ‍மேற்கு,Minuwangoda West,125/1
53,36,1350,1-2-15-180,180,මිනුවන්ගොඩ මැද,மத்திய மினுவன்கொ‍ட,Meda Minuwangoda,125
53,37,1351,1-2-15-185,185,පන්සිල්ගොඩ,பன்சில்கொட,Pansilgoda,126/1
53,38,1352,1-2-15-190,190,වෑගොව්ව නැගෙනහිර,‍வேகொவ்வ கிழக்கு,Wegowwa East,113/1
53,39,1353,1-2-15-195,195,හැලකන්දන,ஹெலகந்தன,Helakandana,115
53,40,1354,1-2-15-200,200,පේරලන්ද,‍பேரலந்த,Peralanda,107/1
53,41,1355,1-2-15-205,205,දෙවලපොල,‍தேவாலப்பொல,Dewalapola,106
53,42,1356,1-2-15-210,210,වඩුමුල්ල,வடுமுல்ல,Wadumulla,101
53,43,1357,1-2-15-215,215,මැටිකොටුමුල්ල,மெடிகொட்டுமுல்ல,Metikotumulla,102/1
53,44,1358,1-2-15-220,220,එස්සැල්ල,எஸ்ஸெல்ல,Essella,102
53,45,1359,1-2-15-225,225,යටගම,யட்டகம,Yatagama,99/4
53,46,1360,1-2-15-230,230,නයිවල උතුර,நயிவல வடக்கு,Naiwala North,99
53,47,1361,1-2-15-235,235,නයිවල නැගෙනහිර,நயிவல கிழக்கு,Naiwala East,99/2
53,48,1362,1-2-15-240,240,නයිවල බටහිර,நயிவல ‍மேற்கு,Naiwala West,99/1
53,49,1363,1-2-15-245,245,වල්පිටමුල්ල,வல்பிடமுல்ல,Walpitamulla,100
53,50,1364,1-2-15-250,250,බලබෝව,பல‍போவ,Balabowa,127
53,51,1365,1-2-15-255,255,බලබෝව බටහිර,பால‍போவ மேற்கு,Balabowa West,127/1
53,52,1366,1-2-15-260,260,පෙතියාගොඩ උතුර,பெதியாகொட வடக்கு,Pethiyagoda North,108
53,53,1367,1-2-15-265,265,ගල්ලෙගෙදර,க‍ல்லெகெதர,Gallegedara,109
53,54,1368,1-2-15-270,270,ගනිහිමුල්ල,கணிகிமுல்ல,Ganihimulla,107
53,55,1369,1-2-15-275,275,හෙන්ඩිමහර,ஹென்டிமஹர,Hendimahara,141
53,56,1370,1-2-15-280,280,කලවාන,கலவான,Kalawana,114
53,57,1371,1-2-15-285,285,වත්තෙගෙදර,வத்தெகெதர,Wattegedara,126
53,58,1372,1-2-15-290,290,අඹගහවත්ත,அம்பகஹவத்த,Ambagahawatta,126/3
53,59,1373,1-2-15-295,295,ගල්ලොලුව නැගෙනහිර,கல்லொலுவ கிழக்கு,Galloluwa East,121/1
53,60,1374,1-2-15-300,300,ගල්ලොලුව,கல்லொலுவ,Galloluwa,121
53,61,1375,1-2-15-305,305,කලහුගොඩ,கலஹுகொட,Kalahugoda,122/1
53,62,1376,1-2-15-310,310,පොල්වත්ත බටහිර,பொல்வத்த ‍மேற்கு,Polwatta West,120/1
53,63,1377,1-2-15-315,315,පොල්වත්ත නැගෙනහිර,பொல்வத்த கிழக்கு,Polwatta East,120
53,64,1378,1-2-15-320,320,පත්තඬුවන උතුර,பட்டன்டுவன வடக்கு,Pattanduwana North,118/2
53,65,1379,1-2-15-325,325,එල්ලන්ගල,எல்லன்கல,Ellangala,117/2
53,66,1380,1-2-15-330,330,බුරුල්ලපිටිය,புருல்லபிடிய,Burullapitiya,126/2
53,67,1381,1-2-15-335,335,මතම්මන,மாதம்மன,Mathammana,116
53,68,1382,1-2-15-340,340,වීදියවත්ත නැගෙනහිර,வீதியவத்த கிழக்கு,Weediyawatta East,130
53,69,1383,1-2-15-345,345,ගොයිගම,கொய்கம,Goigama,131/5
53,70,1384,1-2-15-350,350,ඉහළ උඩුගම්පොල,இஹல உடுகம்பொல,Ihala Udugampola,131/4
53,71,1385,1-2-15-355,355,පෙතියාගොඩ දකුණ,பெதியாகொட தெற்கு,Pethiyagoda South,108/1
53,72,1386,1-2-15-360,360,කොරසෙ,கொர‍சே,Korase,111
53,73,1387,1-2-15-365,365,කොරසෙ මැද,மத்திய கொர‍சே,Korase Meda,111/1
53,74,1388,1-2-15-370,370,මාරපොල,மாரபொல,Marapola,129
53,75,1389,1-2-15-375,375,වීගොඩ,வீகொட,Vigoda,128
53,76,1390,1-2-15-380,380,දොරණගොඩ නැගෙනහිර,தொரணகொட கிழக்கு,Doranagoda East,110/1
53,77,1391,1-2-15-385,385,කොරසෙ නැගෙනහිර,கொர‍சே கிழக்கு,Korase East,111/2
53,78,1392,1-2-15-390,390,දොරණගොඩ උතුර,தொரணகொட வடக்கு,Doranagoda North,110
53,79,1393,1-2-15-395,395,දොරණගොඩ බටහිර,தொரணகொட ‍மேற்கு,Doranagoda West,110/2
53,80,1394,1-2-15-400,400,පහළ උඩුගම්පොල නැගෙනහිර,பஹல உடுகம்பொல கிழக்கு,Pahala Udugampola East,131/1
53,81,1395,1-2-15-405,405,පහළ උඩුගම්පල උතුර,பஹல உடுகம்பொல வடக்கு,Pahala Udugampola North,131
53,82,1396,1-2-15-410,410,පහළ උඩුගම්පොල බටහිර,பஹல உடுகம்பொல ‍மேற்கு,Pahala Udugampola West,131/3
53,83,1397,1-2-15-415,415,වීදියවත්ත බටහිර,வீதியவத்த மேற்கு,Weediyawatta West,130/1
53,84,1398,1-2-15-420,420,වැල්හේන,வெல்‍‍ஹேண,Welhena,117
53,85,1399,1-2-15-425,425,වෑලිය,வெலிய,Weliya,117/1
53,86,1400,1-2-15-430,430,පත්තඬුවන,பத்தடுவன,Paththaduwana,118
53,87,1401,1-2-15-435,435,පත්තඬුවන බටහිර,பத்தடுவன மேற்கு,Paththaduwana West,118/1
53,88,1402,1-2-15-440,440,යාගොඩමුල්ල උතුර,‍‍யாகொடமுல்ல வடக்கு,Yagodamulla North,119/3
53,89,1403,1-2-15-445,445,යාගොඩමුල්ල,யாகொடமுல்ல,Yagodamulla,119/2
53,90,1404,1-2-15-450,450,උග්ගල්බඩ බටහිර,உக்கல்பொட ‍மேற்கு,Uggalboda West,140/3
53,91,1405,1-2-15-455,455,උග්ගල්බඩ,உக்கல்பொட,Uggalboda,140/2
53,92,1406,1-2-15-460,460,කෙහෙල්බද්දර බටහිර,கெஹெல்பத்தர ‍மேற்கு,Kehelbaddara West,140/1
53,93,1407,1-2-15-465,465,කෙහෙල්බද්දර නැගෙනහිර,கெஹெல்பத்தர கிழக்கு,Kehelbaddara East,140
53,94,1408,1-2-15-470,470,පහළ උඩුගම්පොල දකුණ,பஹல உடுகம்பொல தெற்கு,Pahala Udugampola South,131/2
53,95,1409,1-2-15-475,475,අස්ගිරිවල්පොල උතුර,அஸ்கிரிவல்பொல வடக்கு,Asgiriwalpola North,135
53,96,1410,1-2-15-480,480,දොඹවල,தொம்பவெல,Dombawela,132
53,97,1411,1-2-15-485,485,පේඩිපොල,பேடிபொல,Pedipola,133/1
53,98,1412,1-2-15-490,490,දොරණගොඩ දකුණ,தொரணகொட தெற்கு,Doranagoda South,110/3
53,99,1413,1-2-15-495,495,වතුමුල්ල,வதுமுல்ல,Wathumulla,133
53,100,1414,1-2-15-500,500,අස්ගිරිය උතුර,அஸ்கிரிய வடக்கு,Asgiriya North,134/1
53,101,1415,1-2-15-505,505,අස්ගිරිය දකුණ,அஸ்கிரிய தெற்கு,Asgiriya South,134/2
53,102,1416,1-2-15-510,510,අස්ගිරිය,அஸ்கிரிய,Asgiriya,134
53,103,1417,1-2-15-515,515,අස්ගිරිය බටහිර,அஸ்கிரிய ‍மேற்கு,Asgiriya West,134/3
53,104,1418,1-2-15-520,520,අස්ගිරිය දකුණ,அஸ்கிரிவல்பொல தெற்கு,Asgiriwalpola South,135/1
53,105,1419,1-2-15-525,525,අස්ගිරිවල්පොල බටහිර,அஸ்கிரிவல்பொல ‍மேற்கு,Asgiriwalpola West,135/2
53,106,1420,1-2-15-530,530,මදෙල්ගමුව නැගෙනහිර,மதெல்கமுவ கிழக்கு,Madelgamuwa East,137
53,107,1421,1-2-15-535,535,බටපොත,படபொத,Batapotha,137/2
53,108,1422,1-2-15-540,540,නැදගමුව උතුර,நெதகமுவ வடக்கு,Nedagamuwa North,139/1
53,109,1423,1-2-15-545,545,නැදගමුව දකුණ,நெதகமுவ தெற்கு,Nedagamuwa South,139
53,110,1424,1-2-15-550,550,නැදගමුව බටහිර,நெதகமுவ ‍மேற்கு,Nedagamuwa West,139/2
53,111,1425,1-2-15-555,555,ආරච්චිවත්ත,ஆரச்சிவத்த,Arachchiwatta,139/3
53,112,1426,1-2-15-560,560,යාගොඩමුල්ල දකුණ,‍‍யாகொடமுல்ல தெற்கு,Yagodamulla South,119/4
53,113,1427,1-2-15-565,565,සමෘද්ධිගම,சமூர்த்தி கம,Samurdhigama,119/6
53,114,1428,1-2-15-570,570,ඕපාත,ஓப்பாத்த,Opatha,119/5
53,115,1429,1-2-15-575,575,කොටුගොඩ 2,கொடுகொட2,Kotugoda2,119/1
53,116,1430,1-2-15-580,580,කොටුගොඩ 1,கொடுகொட1,Kotugoda1,119
53,117,1431,1-2-15-585,585,මැදුරුවිට,மதுருவிட,Maduruwita,138/1
53,118,1432,1-2-15-590,590,සියඹලාපිටිය,சியம்பலாபிடிய,Siyambalapitiya,138
53,119,1433,1-2-15-595,595,මාදෙල්ගමුව බටහිර,மதெல்கமுவ ‍மேற்கு,Madelgamuwa West,137/1
53,120,1434,1-2-15-600,600,තම්මිට බටහිර,தம்மிட ‍மேற்கு,Thammita West,136/1
53,121,1435,1-2-15-605,605,තම්මිට,தம்மிட,Thammita,136
54,1,1436,1-2-18-005,005,පමුණුගම,பமுணுகம,Pamunugama,164
54,2,1437,1-2-18-010,010,මහ පමුණුගම,மஹா பமுணுகம,Maha Pamunugama,164A
54,3,1438,1-2-18-015,015,දෑලතුර බටහිර,தெலதுர ‍மேற்கு,West of Delathura,193
54,4,1439,1-2-18-020,020,දෑලතුර නැගෙනහිර,தெலதுர கிழக்கு,East of Delathura,193A
54,5,1440,1-2-18-025,025,බෝපිටියතුඩුව,‍‍போபிட்டியதுடுவ,Bopitiyathuduwa,165A
54,6,1441,1-2-18-030,030,බෝපිටිය,போப்பிடிய,Bopitiya,165
54,7,1442,1-2-18-035,035,පුල්ලුහේන,புல்லு‍ஹேன,Pulluhena,165B
54,8,1443,1-2-18-040,040,පරනම්බලම,பரனம்பலம,Paranambalama,167A
54,9,1444,1-2-18-045,045,නුගපේ,நுக‍பே,Nugape,166
54,10,1445,1-2-18-050,050,කුංජාවත්ත,குங்ஜாவத்தை,Kunjawaththa,166A
54,11,1446,1-2-18-055,055,මගුල් පොකුණ,மகுல்பொகுண,Magulpokuna,182A
54,12,1447,1-2-18-060,060,ඇලෙහිවත්ත,எலெஹிவத்தை,Elehiwaththa,182B
54,13,1448,1-2-18-065,065,වැලිසර,வெலிசர,Welisara,182
54,14,1449,1-2-18-070,070,පට්ටියවල,பட்டியவல,Pattiyawala,167B
54,15,1450,1-2-18-075,075,උස්වැටකෙයියාව,உஸ்வெடகெய்யாவ,Uswetakeiyawa,167
54,16,1451,1-2-18-080,080,මහබාගේ,மஹபா‍‍கே,Mahabage,178
54,17,1452,1-2-18-085,085,ඇලපිටිවල,எலபிட்டிவல,Elapitiwala,179
54,18,1453,1-2-18-090,090,හොරපෙතුඩුව,ஹொற‍பேதுடுவ,Horapethuduwa,180A
54,19,1454,1-2-18-095,095,හොරපෙ,ஹொரபே,Horape,180
54,20,1455,1-2-18-100,100,කුරුකුලාව උතුර,குருகுவாலவ வடக்கு,North of Kurukualawa,250
54,21,1456,1-2-18-105,105,කුරුකුවාලව දකුණ,குருகுலாவ தெற்கு,South of Kurukulawa,250A
54,22,1457,1-2-18-110,110,හීන්කෙන්ද,ஹீன்கெந்த,Heenkenda,254
54,23,1458,1-2-18-115,115,තුඩුවේගෙදර,துடுவேகெதர,Thuduwegedara,254A
54,24,1459,1-2-18-120,120,ගල්උඩුපිට,கல்உடுபிட்ட,Galudupita,177B
54,25,1460,1-2-18-125,125,මත්තුමගල,மத்துமகல,Maththumagala,177
54,26,1461,1-2-18-130,130,කෙරඟ පොකුණ,கெரங்கபொகுண,Kernga Pokuna,177A
54,27,1462,1-2-18-135,135,කෙරවලපිටිය,கெரவலபிட்டிய,Kerawalapitiya,171
54,28,1463,1-2-18-140,140,මාටාගොඩ,மாடாகொட,Matagoda,171A
54,29,1464,1-2-18-145,145,බලගල,பலகல,Balagala,171B
54,30,1465,1-2-18-150,150,දික්ඕවිට,திக்கோவிட்ட,Dikovita,168B
54,31,1466,1-2-18-155,155,පල්ලියවත්ත උතුර,பள்ளியவத்தை வடக்கு,Palliyawatta North,168A
54,32,1467,1-2-18-160,160,එලකන්ද,எலகந்த,Elakanda,170A
54,33,1468,1-2-18-165,165,නායකකන්ද උතුර,நாயக்ககந்த வடக்கு,North of Nayaka Kanda,172B
54,34,1469,1-2-18-170,170,මාබෝල,மா‍போல,Mabola,176A
54,35,1470,1-2-18-175,175,වැලිකඩමුල්ල,வெலிகடமுல்ல,Welikadamulla,176C
54,36,1471,1-2-18-180,180,වත්තල,வத்த‍ளை,Wattala,176
54,37,1472,1-2-18-185,185,හැඳල උතුර,ஹெந்த‍ல வடக்கு,Hendala North,172A
54,38,1473,1-2-18-190,190,හැඳල දකුණ,ஹெந்த‍ல தெற்கு,Hendala South,172
54,39,1474,1-2-18-195,195,නායකකන්ද දකුණ,நாயக்ககந்த தெற்கு,Nayak Kanda South,172C
54,40,1475,1-2-18-200,200,තිඹිරිගස්යාය,திம்பிரிகஸ்யாய,Thimbirigasyaya,170
54,41,1476,1-2-18-205,205,පල්ලියවත්ත දකුණ,பள்ளியவத்தை தெற்கு,Palliyawatta South,168
54,42,1477,1-2-18-210,210,කුරුඳුහේන,குருந்து‍ஹேன,Kurunduhena,169A
54,43,1478,1-2-18-215,215,ඇවරිවත්ත,எவரிவத்தை,Evariwatta,175A
54,44,1479,1-2-18-220,220,තෙලගපාත,தெலங்கபாத,Thelagapatha,175
54,45,1480,1-2-18-225,225,ගල්වැටිය,கல்வெடிய,Galwetiya,176B
54,46,1481,1-2-18-230,230,හේකිත්ත,‍‍ஹேகித்த,Hekiththa,169
55,1,1482,1-2-21-005,005,මහවත්ත,மஹவத்தை,Mahawatta,205B
55,2,1483,1-2-21-010,010,දඬුගම,தடுகம,Dandugama,194
55,3,1484,1-2-21-015,015,දෙහියගත උතුර,தெஹியகத வடக்கு,Dehiyagatha North,194B
55,4,1485,1-2-21-020,020,කුඩහකහපොල උතුර,குடஹகபொல வடக்கு,Kudahakapola North,196
55,5,1486,1-2-21-025,025,ගලවත්ත,கல்லவத்த,Gallawatta,205A
55,6,1487,1-2-21-030,030,ඒකල,ஏக்க‍லை,Ekala,206
55,7,1488,1-2-21-035,035,දෙහියගත දකුණ,தெஹியகத தெற்கு,Dehiyagatha South,194A
55,8,1489,1-2-21-040,040,කුඩහකහපොල දකුණ,குடஹகபொல தெற்கு,Kudahakapola South,195
55,9,1490,1-2-21-045,045,ඒකල කුරුඳුවත්ත,ஏக்க‍லை குருந்துவத்த,Ekala Kurunduwatta,205
55,10,1491,1-2-21-050,050,විශාකා වත්ත,விஷாக்கா வத்த,Vishaka Watta,206B
55,11,1492,1-2-21-055,055,තුඩැල්ල උතුර,துடெல்ல வடக்கு,Thudella North,192B
55,12,1493,1-2-21-060,060,තුඩැල්ල බටහිර,துடெல்ல ‍மேற்கு,Thudella West,192
55,13,1494,1-2-21-065,065,තුඩැල්ල දකුණ,துடெல்ல தெற்கு,Thudella South,192A
55,14,1495,1-2-21-070,070,කනුවන,கணுவாண,Kanuwana,191
55,15,1496,1-2-21-075,075,ඇලෙක්සැන්ඩ්‍රා වත්ත,எலெக்‍சான்டர் வத்த,Alexendrawatta,206A
55,16,1497,1-2-21-080,080,බණ්ඩිගොඩ,பண்டிகொட,Bandigoda,211B
55,17,1498,1-2-21-085,085,යක්කඩුව,யக்கடுவ,Yakkaduwa,207A
55,18,1499,1-2-21-090,090,නිවන්දම උතුර,நிவந்தம வடக்கு,Niwandama North,207
55,19,1500,1-2-21-095,095,නිවන්දම දකුණ,நிவந்தம தெற்கு,Niwandama South,207B
55,20,1501,1-2-21-100,100,බටගම උතුර,பட்டகம வடக்கு,Batagama North,211
55,21,1502,1-2-21-105,105,මාඑළිය,மாஎலிய,Maeliya,190B
55,22,1503,1-2-21-110,110,ජා-ඇල,ஜா-எல,Ja-Ela,191A
55,23,1504,1-2-21-115,115,වැලිගම්පිටිය උතුර,வெலிகம்பிட்டிய வடக்கு,Weligampitiya North,190A
55,24,1505,1-2-21-120,120,ඉඳිපිටිය,இந்திபிட்டிய,Indipitiya,190E
55,25,1506,1-2-21-125,125,වේවැල,‍வேவல,Wewala,189
55,26,1507,1-2-21-130,130,වැලිගම්පිටිය දකුණ,வெலிகம்பிட்டிய தெற்கு,Weligampitiya South,190
55,27,1508,1-2-21-135,135,තුම්පෑලිය,தும்பெலிய,Thumpeliya,190D
55,28,1509,1-2-21-140,140,ඉඳිමින්න,இந்திமிண்ண,Indiminna,211A
55,29,1510,1-2-21-145,145,දොලහේන,தொல‍ஹேண,Dolahena,185D
55,30,1511,1-2-21-150,150,හපුගොඩ බටහිර,ஹப்புகொட ‍மேற்கு,Hapugoda West,185A
55,31,1512,1-2-21-155,155,කපුවත්ත,கபுவத்த,Kapuwatta,190C
55,32,1513,1-2-21-160,160,කලඑළිය,கலாஎலிய,Kalaeliya,188
55,33,1514,1-2-21-165,165,නැදුරුපිටිය,நெதுருபிட்டிய,Nedurupitiya,187
55,34,1515,1-2-21-170,170,රිළවුල්ල,ரிலவுல்ல,Rilavulla,186
55,35,1516,1-2-21-175,175,කඳාන නැගෙනහිර,கந்தா‍‍னை கிழக்கு,Kandana East,184C
55,36,1517,1-2-21-180,180,කඳාන බටහිර,கந்தா‍‍னை மேற்கு,Kandana West,184
55,37,1518,1-2-21-185,185,උස්වත්ත,உஸ்வத்த,Uswatta,184B
55,38,1519,1-2-21-190,190,හපුගොඩ මධ්‍යම,மத்திய ஹப்புகொட,Hapugoda Central,185C
55,39,1520,1-2-21-195,195,බටගම දකුණ,பட்டகம தெற்கு,Batagama South,185
55,40,1521,1-2-21-200,200,පොල්පිටිමූකලාන,பொல்பிட்டிமூகலான,Polpitimookalana,212A
55,41,1522,1-2-21-205,205,බටුවත්ත බටහිර,பட்டுவத்த மேற்கு,Batuwatta West,213
55,42,1523,1-2-21-210,210,බටුවත්ත නැගෙනහිර,பட்டுவத்த கிழக்கு,Batuwatta East,213A
55,43,1524,1-2-21-215,215,වල්පොල නැගෙනහිර,வல்பொல கிழக்கு,Walpola East,212B
55,44,1525,1-2-21-220,220,ජයශ්‍රීගම,ஜயஸ்ரீகம,Jayasrigama,181A
55,45,1526,1-2-21-225,225,හපුගොඩ නැගෙනහිර,ஹப்புகொட கிழக்கு,Hapugoda East,185B
55,46,1527,1-2-21-230,230,නාගොඩ,நாகொட,Nagoda,183
55,47,1528,1-2-21-235,235,ජයසමරුගම,ஜயசமருகம,Jayasamarugama,184A
55,48,1529,1-2-21-240,240,පේරලන්ද,‍பேரலந்த,Peralanda,181D
55,49,1530,1-2-21-245,245,පොඩිවීකුඹුර,பொடிவீகும்புர,Podiveekumbura,181E
55,50,1531,1-2-21-250,250,වල්පොල බටහිර,வல்பொல மேற்கு,Walpola West,212
55,51,1532,1-2-21-255,255,නාරන්ගොඩපාලුව බටහිර,நாரங்கொடபாலுவ மேற்கு,Narangodapaluwa West,214
55,52,1533,1-2-21-260,260,නාරන්ගොඩපලුව නැගෙනහිර,நாரங்கொடபாலுவ கிழக்கு,Narangodapaluwa East,214A
55,53,1534,1-2-21-265,265,තේවත්ත,‍‍தேவத்த,Thewatta,181B
55,54,1535,1-2-21-270,270,රාගම,ராகம,Ragama,181
55,55,1536,1-2-21-275,275,කැටගේවත්ත,கெட்ட‍கேவத்த,Ketagewatta,181F
55,56,1537,1-2-21-280,280,දඹුව,தம்பூவ,Dambuwa,181G
55,57,1538,1-2-21-285,285,රම්පිටිය,ரம்பிட்டிய,Rampitiya,181C
56,1,1539,1-2-24-005,005,මාකේවිට උතුර,மாகெவிட்ட வடக்கு,Makevita North,218
56,2,1540,1-2-24-010,010,මාකේවිට දකුණ,மாகெவிட தெற்கு,Makevita South,218A
56,3,1541,1-2-24-015,015,මාබිම,மாபிம,Mabima,217
56,4,1542,1-2-24-020,020,ගෝනගහ 2,‍கோணகஹ2,Gonagaha2,219A
56,5,1543,1-2-24-025,025,වැලිකඩ,வெலிகட,Welikada,217A
56,6,1544,1-2-24-030,030,ගෝනගහ 1,கோணகஹ1,Gonagaha1,219
56,7,1545,1-2-24-035,035,අඹන්විට,அம்பண்விட்ட,Ambanvita,220A
56,8,1546,1-2-24-040,040,කිරිඳිවිට,கிரிந்திவிட,Kirindivita,220
56,9,1547,1-2-24-045,045,අකරවිට,அகரவிட்ட,Akaravita,222B
56,10,1548,1-2-24-050,050,පහළගම,பஹலகம,Pahalagama,222
56,11,1549,1-2-24-055,055,මැදගම 2,மெதகம 2,Medagama 2,223A
56,12,1550,1-2-24-060,060,ඉහළගම බටහිර,இஹலகம ‍மேற்கு,Ihalagama West,224
56,13,1551,1-2-24-065,065,ඉහළගම නැගෙනහිර,இஹலகம கிழக்கு,Ihalagama East,224A
56,14,1552,1-2-24-070,070,ගම්පහ අළුත්ගම උතුර,கம்பஹா அலுத்கம வடக்கு,Gampaha Aluthgama North,225A
56,15,1553,1-2-24-075,075,කරනායකමුල්ල,கரனாயகமுல்ல,Karanayakamulla,226A
56,16,1554,1-2-24-080,080,බදුවතුගොඩ,பதுவதுகொடை,Baduwathugoda,226
56,17,1555,1-2-24-085,085,බොරලියවත,பொரலியாவத்தை,Boraliyawatha,228
56,18,1556,1-2-24-090,090,තිත්තලපිටිගොඩ,தித்தலபிட்டிகொடை,Thittalapitigoda,228A
56,19,1557,1-2-24-095,095,අලුත්ගම බෝගමුව උතුර,அலுத்கம ‍போகமுவ,Aluthgama Bogamuwa North,229
56,20,1558,1-2-24-100,100,අලුත්ගම ‍බෝගමුව දකුණ,இஹல இபுல்கொட தெற்கு,Aluthgama Bogamuwa South,229A
56,21,1559,1-2-24-105,105,මහීපාලගොඩ,மஹீபாலகொடை,Mahipalagoda,230
56,22,1560,1-2-24-110,110,මොරැන්න,‍‍மோரெண்ண,Morenna,230A
56,23,1561,1-2-24-115,115,වීදියවත්ත,வீதியவத்தை,Weediyawatta,230B
56,24,1562,1-2-24-120,120,කෙසෙල්වතුගොඩ උතුර,கெசெல்வதுகொடை வடக்கு,Keselwathugoda North,227
56,25,1563,1-2-24-125,125,ඉඳිගොල්ල,இந்திகொல்ல,Indigolla,225C
56,26,1564,1-2-24-130,130,ගම්පහ අලුත්ගම බටහිර,ஸ்ரீமலுயன/பன்டாரநாயககபுர,Gampaha Aluthgama West,225
56,27,1565,1-2-24-135,135,බැණ්ඩියමුල්ල උතුර,பெண்டியமுல்ல வடக்கு,Bendiyamulla North,234
56,28,1566,1-2-24-140,140,මැදගම 4,மெதகம 4,Medagama 4,223C
56,29,1567,1-2-24-145,145,මැදගම 3,மெதகம 3,Medagama 3,223B
56,30,1568,1-2-24-150,150,මැදගම 1,மெதகம 1,Medagama 1,223
56,31,1569,1-2-24-155,155,ඔරුතොට දකුණ,ஒருதொட்ட தெற்கு,Oruthota South,235A
56,32,1570,1-2-24-160,160,කොස්ඕවිට,கொ‍சோவிட்ட,Kosovita,222A
56,33,1571,1-2-24-165,165,රත්මලවිට,ரத்மலவிட்ட,Rathmalavita,221A
56,34,1572,1-2-24-170,170,මාකිලන්ගමුව,மாகிலங்கமுவ,Makilangamuwa,221
56,35,1573,1-2-24-175,175,හොරගොල්ල උතුර,ஹொரகொல்ல வடக்கு,Horagolla North,216
56,36,1574,1-2-24-180,180,තිබ්බොටු‍‍ගොඩ,திப்பொடுகொடை,Thibbotugoda,216B
56,37,1575,1-2-24-185,185,මිදෙල්ලවිට,மிதெல்லவிட்ட,Midellavita,208
56,38,1576,1-2-24-190,190,කුඩා බොල්ලත,குடாபொல்லத,Kudabollatha,209A
56,39,1577,1-2-24-195,195,බොල්ලත උතුර,பொல்லத வடக்கு,Bollatha North,209
56,40,1578,1-2-24-200,200,වේවැල් අගාර,‍‍வேவெல் அகார,Wewel Agara,209D
56,41,1579,1-2-24-205,205,බොල්ලත බටහිර,பொல்லத ‍மேற்கு,Bollatha West,209C
56,42,1580,1-2-24-210,210,බොල්ලත දකුණ,பொல்லத தெற்க்கு,Bollatha South,209B
56,43,1581,1-2-24-215,215,බුළුගහගොඩ බටහිර,புலுகஹகொடை மேற்கு,Bulugahagoda West,210A
56,44,1582,1-2-24-220,220,බුළුගහගොඩ නැගෙනහිර,புலுகஹகொட கிழக்கு,Bulugahagoda East,210
56,45,1583,1-2-24-225,225,ගලහිටියාව උතුර,கலஹிடியாவ வடக்கு,Galahitiyawa North,215
56,46,1584,1-2-24-230,230,හොරගොල්ල දකුණ,ஹொரகொல்ல தெற்கு,Horagolla South,216A
56,47,1585,1-2-24-235,235,නැදුන,நெதுன,Neduna,236C
56,48,1586,1-2-24-240,240,පහළයාගොඩ,பஹல யாகொட,Pahalayagoda,236
56,49,1587,1-2-24-245,245,ඔරුතොට උතුර,ஒருதொட்ட வடக்கு,Oruthota North,235
56,50,1588,1-2-24-250,250,මොරගොඩ 1,மொராகொட1,Moragoda1,233
56,51,1589,1-2-24-255,255,බැණ්ඩියමුල්ල බටහිර,பெண்டியமுல்ல மேற்கு,Bendiyamulla West,234B
56,52,1590,1-2-24-260,260,කිඩගම්මුල්ල,கிடகம்முள்ள,Kidagammulla,234C
56,53,1591,1-2-24-265,265,බැණ්ඩියමුල්ල නැගෙනහිර,பெண்டியமுல்ல கிழக்கு,Bendiyamulla East,234A
56,54,1592,1-2-24-270,270,ගම්පහ අළුත්ගම නැගෙනහිර,கம்பஹா அலுத்கம கிழக்கு,Gampaha Aluthgama East,225B
56,55,1593,1-2-24-275,275,කෙසෙල්වතුගොඩ දකුණ,கெசெல்வதுகொடை தெற்கு,Keselwathugoda South,227A
56,56,1594,1-2-24-280,280,යක්කල උතුර,யக்க‍லை வடக்கு,Yakkala North,231
56,57,1595,1-2-24-285,285,ගල්තොටමුල්ල,கல்தொடமுல்ல,Galthotamulla,230C
56,58,1596,1-2-24-290,290,යක්කල බටහිර,யக்க‍லை மேற்கு,Yakkala West,231A
56,59,1597,1-2-24-295,295,පැපොල්ගහදෙනිය,பெப்பொல்கஹதெனிய,Pepolgahadeniya,231B
56,60,1598,1-2-24-300,300,යක්කල නැගෙනහිර,யக்க‍லை கிழக்கு,Yakkala East,231D
56,61,1599,1-2-24-305,305,යක්කල දකුණ,யக்க‍லை தெற்கு,Yakkala South,231C
56,62,1600,1-2-24-310,310,හෙනරත්ගොඩ,ஹெனரத்கொட,Henarathgoda,232
56,63,1601,1-2-24-315,315,මුදුන්ගොඩ බටහිර,முதுன்கொடை மேற்கு,Mudungoda West,232D
56,64,1602,1-2-24-320,320,මොරගොඩ 2,மொராகொடை 2,Moragoda 2,233A
56,65,1603,1-2-24-325,325,ඉහළ යාගොඩ උතුර,இஹல யாகொடை வடக்கு,Ihala Yagoda North,235B
56,66,1604,1-2-24-330,330,මාහේන,மா‍ஹேன,Mahena,236A
56,67,1605,1-2-24-335,335,ගණේමුල්ල දකුණ,க‍னேமுல்ல தெற்கு,Ganemulla South,236D
56,68,1606,1-2-24-340,340,ගණේමුල්ල උතුර,க‍னேமுல்ல வடக்கு,Ganemulla North,236B
56,69,1607,1-2-24-345,345,ගලහිටියාව නැගෙනහිර,கலஹிட்டியாவ கிழக்கு,Galahitiyawa East,215B
56,70,1608,1-2-24-350,350,ගලහිටියාව දකුණ,கலஹிட்டியாவ தெற்கு,Galahitiyawa South,215A
56,71,1609,1-2-24-355,355,කොස්සින්න නැගෙනහිර,கொஸ்சின்ன கிழக்கு,Kossinna East,237
56,72,1610,1-2-24-360,360,අමුණුගොඩ උතුර,அமுணுகொடை வடக்கு,Amunugoda North,238
56,73,1611,1-2-24-365,365,ඉහළ යාගොඩ දකුණ,இஹல யாகொடை தெற்கு,Ihala Yagoda South,235C
56,74,1612,1-2-24-370,370,මුදුන්ගොඩ දකුණ,முதுன்கொடை தெற்கு,Mudungoda South,232C
56,75,1613,1-2-24-375,375,මුදුන්ගොඩ උතුර,முதுன்கொடை வடக்கு,Mudungoda North,232B
56,76,1614,1-2-24-380,380,ගොඩගෙදර,கொடகெதர,Godagedara,232A
56,77,1615,1-2-24-385,385,රතුපස්වල,ரதுபஸ்வல,Rathupaswala,239A
56,78,1616,1-2-24-390,390,ගල්ලොලුව,கல்லொலுவ,Galloluwa,239B
56,79,1617,1-2-24-395,395,බැලුම්මහර,பெலும்மஹர,Belummahara,239
56,80,1618,1-2-24-400,400,ඉහළ ඉඹුල්ගොඩ උතුර,இஹல இபுல்கொடை வடக்கு,Ihala Imbulgoda North,240
56,81,1619,1-2-24-405,405,ඉහළ ඉඹුල්ගොඩ දකුණ,இஹல இம்புல்கொடை தெற்கு,Ihala Imbulgoda South,240A
56,82,1620,1-2-24-410,410,පහළ ඉඹුල්ගොඩ දකුණ,பஹல இபுல்கொடை தெற்கு,Pahala Imbulgoda South,243B
56,83,1621,1-2-24-415,415,පහළ ඉඹුල්ගොඩ බටහිර,பஹல இம்புல்கொட மேற்கு,Pahala Imbulgoda West,243A
56,84,1622,1-2-24-420,420,අමුණුගොඩ දකුණ,அமுணுகொடை தெற்கு,Amunugoda South,238A
56,85,1623,1-2-24-425,425,පරකන්දෙනිය උතුර 1,பரகந்தெனிய வடக்கு1,Parakandeniya North1,244A
56,86,1624,1-2-24-430,430,කොස්සින්න බටහිර 1,கொஸ்சின்ன மேற்கு1,Kossinna West1,237A
56,87,1625,1-2-24-435,435,කටුවාලමුල්ල උතුර,கடுவலமுல்ல வடக்கு,Katuwalamulla North,244C
56,88,1626,1-2-24-440,440,කොස්සින්න බටහිර 2,கொஸ்சின்ன மேற்கு2,Kossinna West2,237B
56,89,1627,1-2-24-445,445,කටුවාලමුල්ල දකුණ,கடுவாலமுல்ல தெற்கு,Katuwalamulla South,244D
56,90,1628,1-2-24-450,450,පරකන්දෙනිය උතුර 2,பரகந்தெனிய வடக்கு2,Parakandeniya North2,244B
56,91,1629,1-2-24-455,455,පරකන්දෙනිය දකුණ,பரகந்தெனிய,Parakandeniya South,244
56,92,1630,1-2-24-460,460,පහළ ඉඹුල්ගොඩ නැගෙනහිර,பஹல இபுல்கொடை கிழக்கு,Pahala Imbulgoda East,243
56,93,1631,1-2-24-465,465,ඇඹරළුව උතුර 2,எம்பரலுவ வடக்கு 2,Embaraluwa North 2,242A
56,94,1632,1-2-24-470,470,ඇඹරළුව උතුර 1,எம்பரலுவ வடக்கு 1,Embaraluwa North 1,242
56,95,1633,1-2-24-475,475,වැලිවේරිය බටහිර,வெலி‍வேரிய மேற்கு,Weliweriya West,240B
56,96,1634,1-2-24-480,480,නැදුන්ගමුව,நெதுன்கமுவ,Nedungamuwa,241
56,97,1635,1-2-24-485,485,වැලිවේරිය නැගෙනහිර,வெலி‍வேரிய கிழக்கு,Weliweriya East,241A
56,98,1636,1-2-24-490,490,වැලිවේරිය උතුර,வெலி‍வேரிய வடக்கு,Weliweriya North,241B
56,99,1637,1-2-24-495,495,වැලිවේරිය දකුණ,வெலி‍வேரிய தெற்கு,Weliweriya South,241C
56,100,1638,1-2-24-500,500,ඇඹරළුව දකුණ 1,எபரெலுவ தெற்கு 1,Embaraluwa South1,242B
56,101,1639,1-2-24-505,505,ඇඹරළුව දකුණ 2,எபரெலுவ தெற்கு 2,Embaraluwa South 2,242C
57,1,1640,1-2-27-005,005,එළුවපිටිය බටහිර,எலுவபிட்டிய ‍மேற்கு,Eluwapitiya West,333/A
57,2,1641,1-2-27-010,010,එළුවපිටිය,எலுவபிட்டிய,Eluwapitiya,333
57,3,1642,1-2-27-015,015,හිරිපිටිය බටහිර,ஹிரிபிட்டிய மேற்கு,Hiripitiya West,329D
57,4,1643,1-2-27-020,020,හිරිපිටිය උතුර,ஹிரிபிட்டிய வடக்கு,Hiripitiya North,329
57,5,1644,1-2-27-025,025,හිරිපිටිය මධ්‍යම,மத்திய ஹிரிபிட்டிய,Hiripitiya Central,329C
57,6,1645,1-2-27-030,030,හිරිපිටිය නැගෙනහිර,ஹிரிபிட்டிய கிழக்கு,Hiripitiya East,329B
57,7,1646,1-2-27-035,035,තල්ගස්මොටේ බටහිර,தல்கஸ்மொ‍தே மேற்கு,Thalgasmote West,328/E
57,8,1647,1-2-27-040,040,තල්ගස්මොටේ,தல்கஸ்மொ‍டே,Thalgasmote,328A
57,9,1648,1-2-27-045,045,තල්ගස්මොටේ නැගෙනහිර,தல்கஸ்மொ‍டே கிழக்கு,Thalgasmote East,328/D
57,10,1649,1-2-27-050,050,උදම්මිට,உதம்மிட்டே,Udammita,347
57,11,1650,1-2-27-055,055,හුඹුටියාව බටහිර,ஹும்புட்டியாவ மேற்கு,Humbutiyawa West,347C
57,12,1651,1-2-27-060,060,හුඹුටියාව,ஹும்புட்டியாவ,Humbutiyawa,347A
57,13,1652,1-2-27-065,065,පරණ වේයන්ගොඩ,பழைய வெயங்கொட,Parana Veyangoda,346
57,14,1653,1-2-27-070,070,කෝන්ගස්දෙනිය,‍‍கோங்கஸ்தெனிய,Kongasdeniya,346A
57,15,1654,1-2-27-075,075,වෙදගම,வெதகம,Wedagama,343/A
57,16,1655,1-2-27-080,080,කලල්පිටිය,கலல்பிட்டிய,Kalalpitiya,343
57,17,1656,1-2-27-085,085,නවගමුව,நவகமுவ,Nawagamuwa,343B
57,18,1657,1-2-27-090,090,නාපගොඩ,நாப்பகொட,Napagoda,345
57,19,1658,1-2-27-095,095,නිට්ටඹුව දකුණ,நிட்டம்புவ தெற்கு,Nittambuwa South,348A
57,20,1659,1-2-27-100,100,නිට්ටඹුව උතුර,நிட்டம்புவ வடக்கு,Nittambuwa North,348
57,21,1660,1-2-27-105,105,නිට්ටඹුව නැගෙනහිර,நிட்டம்புவ கிழக்கு,Nittambuwa East,348/F
57,22,1661,1-2-27-110,110,කොලවත්ත,‍‍கோலவத்த,Kolawatta,347B
57,23,1662,1-2-27-115,115,පත්තලගෙදර නැගෙනහිර,பத்தலகெதர கிழக்கு,Pattalagedara East,328/B
57,24,1663,1-2-27-120,120,පත්තලගෙදර,பத்தலகெதர,Pattalagedara,328
57,25,1664,1-2-27-125,125,හිරිපිටිය දකුණ,ஹிரிபிட்டிய தெற்கு,Hiripitiya South,329A
57,26,1665,1-2-27-130,130,වටද්දර,வடத்தார,Wataddara,332
57,27,1666,1-2-27-135,135,වටද්දර බටහිර,வடத்தார ‍மேற்கு,Wataddara West,332/B
57,28,1667,1-2-27-140,140,මගලෙගොඩ,மக‍லேகொட,Magalegoda,331
57,29,1668,1-2-27-145,145,මගලෙගොඩ දකුණ,மாக‍லேகொட தெற்கு,Magalegoda South,331A
57,30,1669,1-2-27-150,150,හීන්දෙනිය,ஹீன்தெனிய,Heendeniya,330A
57,31,1670,1-2-27-155,155,පට්ටිගොඩ,பட்டிகொட,Pattigoda,330
57,32,1671,1-2-27-160,160,වටද්දර දකුණ,வடத்தர தெற்கு,Wataddara South,332/A
57,33,1672,1-2-27-165,165,පහළ හිරිපිටිය,பஹல ஹிரிபிட்டிய,Pahala Hiripitiya,329/E
57,34,1673,1-2-27-170,170,දන්විලාන,தன்விலான,Danvilana,328C
57,35,1674,1-2-27-175,175,දඩගමුව නැගෙනහිර,தடகமுவ கிழக்கு,Dadagamuwa East,327A
57,36,1675,1-2-27-180,180,පින්නගොල්ල,பிண்ணகொல்ல,Pinnagolla,348/I
57,37,1676,1-2-27-185,185,එගොඩ නිට්ටඹුව,எகொட நிட்டம்புவ,Egoda Nittambuwa,348/C
57,38,1677,1-2-27-190,190,හොරගොල්ලගම,ஹொரகொல்லகம,Horagollagama,348H
57,39,1678,1-2-27-195,195,නම්බාදළුව බටහිර,நம்பதலுவ மேற்கு,Nambadaluwa West,348/B
57,40,1679,1-2-27-200,200,නම්බාදළුව නැගෙනහිර,நம்பதலுவ கிழக்கு,Nambabaluwa East,348/G
57,41,1680,1-2-27-205,205,රන්පොකුණගම ඒ කලාපය,ரன்பொகுணகம ஏ வலயம்,Ranpokunagama A Zone,349A
57,42,1681,1-2-27-210,210,එල්ලක්කල බටහිර,எல்லக்கல மேற்கு,Ellakkala West,355/A
57,43,1682,1-2-27-215,215,මාඉඹුල,மாஇம்புல,Maimbula,350B
57,44,1683,1-2-27-220,220,රන්පොකුණගම ඊ කලාපය,ரன்பொகுணகம E வலயம்,Ranpokunagama E Zone,349F
57,45,1684,1-2-27-225,225,රන්පොකුණගම ඩී කලාපය,ரன்பொகுணகம D வலயம்,Ranpokunagama D Zone,349E
57,46,1685,1-2-27-230,230,රන්පොකුණගම සී කලාපය,ரன்பொகுணகம C வலயம்,Ranpokunagama C Zone,349D
57,47,1686,1-2-27-235,235,රන්පොකුණගම බී කලාපය,ரன்பொகுணகம B வலயம்,Ranpokunagama B Zone,349C
57,48,1687,1-2-27-240,240,මඩුවෙගෙදර,மடுவெகெதர,Maduwegedara,349
57,49,1688,1-2-27-245,245,යටියන,யடியன,Yatiyana,349/B
57,50,1689,1-2-27-250,250,ඕර්චඩ්වත්ත,ஓர்சாட்வத்தை,Orchardwatta,348/D
57,51,1690,1-2-27-255,255,මල්වත්ත,மல்வத்தை,Malwatta,348/E
57,52,1691,1-2-27-260,260,තිහාරිය උතුර,திஹாரிய வடக்கு,Thihariya North,318/C
57,53,1692,1-2-27-265,265,කටුවස්ගොඩ බටහිර,கட்டுவஸ்கொட மேற்கு,Katuwasgoda west,321B
57,54,1693,1-2-27-270,270,කටුවස්ගොඩ,கடுவஸ்கொட,Katuwasgoda,321A
57,55,1694,1-2-27-275,275,දඩගමුව,தடகமுவ,Dadagamuwa,327
57,56,1695,1-2-27-280,280,මුඩගමුව,முடகமுவ,Mudagamuwa,324A
57,57,1696,1-2-27-285,285,බණ්ඩාරබටවල,பண்டாரபடவல,Bandarabatawala,325A
57,58,1697,1-2-27-290,290,පිටියෙගෙදර,பிடியேகெதர,Pitiyegedara,325
57,59,1698,1-2-27-295,295,දාරළුව,தாரலுவ,Daraluwa,325B
57,60,1699,1-2-27-300,300,බෙම්මුල්ල,பெம்முல்ல,Bemmulla,324
57,61,1700,1-2-27-305,305,කන්දඔළුවැව,கந்தஒலுவாவ,Kandaoluwawa,326
57,62,1701,1-2-27-310,310,රනිස්වල,ரனிஸ்வல,Raniswala,323
57,63,1702,1-2-27-315,315,සපුගස්තැන්න,சப்புகஸ்தென்ன,Sapugasthenna,323A
57,64,1703,1-2-27-320,320,තිරිවානගම දකුණ,திரிவானகம தெற்கு,Thiriwanegama South,322/B
57,65,1704,1-2-27-325,325,තිරිවානගම උතුර,திரிவானகம வடக்கு,Thiriwanegama North,322A
57,66,1705,1-2-27-330,330,හලගම්පිටිය,கல்கம்பிட்டிய,Halgampitiya,322
57,67,1706,1-2-27-335,335,කලගෙඩිහේන,களகெடி‍ஹேண,Kalagedihena,321
57,68,1707,1-2-27-340,340,තිහාරියගම,திஹாரியகம,Thihariyagama,318/D
57,69,1708,1-2-27-345,345,තිහාරිය නැගෙනහිර,திஹாரிய,Thihariya East,318
57,70,1709,1-2-27-350,350,කලෝටුවාව,கலோடுவாவ,Kalotuwawa,319
57,71,1710,1-2-27-355,355,කත්තොට,கத்தொட்ட,Kattota,317
57,72,1711,1-2-27-360,360,ඔර්චාර්ඩ්වත්ත දකුණ,ஓர்சாட்வத்தை தெற்கு,Orchardwatta South,348/J
57,73,1712,1-2-27-365,365,බෝගොඩ,‍போகொட,Bogoda,316
57,74,1713,1-2-27-370,370,මාතලාන බස්නාහිර,மாதலான மேற்கு,Mathalana West,352D
57,75,1714,1-2-27-375,375,වතුපිටිවල,வத்துபிடிவல,Wathupitiwala,350/A
57,76,1715,1-2-27-380,380,වල්පොල,வல்பொல,Walpola,350
57,77,1716,1-2-27-385,385,හග්ගල්ල,ஹக்கல்ல,Haggalla,354
57,78,1717,1-2-27-390,390,එල්ලක්කල,எல்லக்கல,Ellakkala,355
57,79,1718,1-2-27-395,395,ගොඩගම බටහිර,கொடகம மேற்கு,Godagama West,361/A
57,80,1719,1-2-27-400,400,ගොඩගම,கொடகம,Godagama,361
57,81,1720,1-2-27-405,405,වැලිකඩමුල්ල,வெலிக்கடமுல்ல,Welikadamulla,363
57,82,1721,1-2-27-410,410,කරස්නගල,கரஸ்னகல,Karasnagala,365
57,83,1722,1-2-27-415,415,අලවල,அலவள,Alawala,364
57,84,1723,1-2-27-420,420,ඇතාඋඩකන්ද,எத்தாஉடகந்த,Ethaudakanda,364/B
57,85,1724,1-2-27-425,425,අලවල දකුණ,அலவள தெற்கு,Alawala South,364/A
57,86,1725,1-2-27-430,430,නිකහැටිකන්ද,நிகஹெடிகந்த,Nikahetikanda,365/A
57,87,1726,1-2-27-435,435,කරස්නාගල දකුණ,கரசன்கல தெற்கு,Karasnagala South,365C
57,88,1727,1-2-27-440,440,පල්කුඹුර,பல்கும்புர,Palkumbura,363A
57,89,1728,1-2-27-445,445,පැල්පිට,பெல்பிட,Pelpita,362
57,90,1729,1-2-27-450,450,වලලියද්ද,வலலியத்த,Walaliyadda,353/B
57,91,1730,1-2-27-455,455,හග්ගල නැගෙනහිර,ஹக்கல கிழக்கு,Haggalla East,354/A
57,92,1731,1-2-27-460,460,දියකඩේ,தியக‍டே,Diyakade,353A
57,93,1732,1-2-27-465,465,වෙලගෙදර,வெலகெதர,Welagedara,353
57,94,1733,1-2-27-470,470,කඹුරාගල්ල,கம்புறாகல்ல,Kamburagalla,352A
57,95,1734,1-2-27-475,475,මාතලාන උතුර,மாதலான வடக்கு,Mathalana North,352F
57,96,1735,1-2-27-480,480,මාතලාන,மாதலான,Mathalana,352
57,97,1736,1-2-27-485,485,මීවල,மீவல,Meewala,315
57,98,1737,1-2-27-490,490,කිත්තම්මහර,கித்தம்மஹர,Kitttammahara,316A
57,99,1738,1-2-27-495,495,තිහාරිය දකුණ,திஹாரிய தெற்கு,Thihariya South,318/E
57,100,1739,1-2-27-500,500,පහළ තිහාරිය,பஹல திஹாரிய,Pahala Thihariya,318B
57,101,1740,1-2-27-505,505,තිහාරිය බටහිර,திஹாரிய மேற்கு,Thihariya West,318/A
57,102,1741,1-2-27-510,510,බෝගමුව,‍‍போகமுவ,Bogamuwa,320A
57,103,1742,1-2-27-515,515,මංගලතිරිය,மங்கலதிரிய,Mangalathiriya,320
57,104,1743,1-2-27-520,520,පිලන්කඩ,பிலன்கட,Pilankada,319A
57,105,1744,1-2-27-525,525,බෝනෑගල,‍‍‍போ‍னேகல,Bonegala,313
57,106,1745,1-2-27-530,530,මීවල බටහිර,மீவல மேற்கு,Meewala West,315A
57,107,1746,1-2-27-535,535,උඩුගොඩ බටහිර,உடுகொட,Udugoda West,351/A
57,108,1747,1-2-27-540,540,මාතලාන නැගෙනහිර,மாதலான கிழக்கு,Mathalana East,352/B
57,109,1748,1-2-27-545,545,උදුගොඩ,உடுகொட,Udugoda,351
57,110,1749,1-2-27-550,550,පන්නිල,பன்னில,Pannila,352E
57,111,1750,1-2-27-555,555,හුණුපොල,ஹீனுபொல,Hunupola,352C
57,112,1751,1-2-27-560,560,හල්පන්දෙනිය,ஹல்பந்தெனிய,Halpandeniya,362A
57,113,1752,1-2-27-565,565,ඌරාපොල,ஊராப்பொல,Urapola,366
57,114,1753,1-2-27-570,570,වඳුරාමුල්ල,வந்துராமுல்ல,Wanduramulla,366/C
57,115,1754,1-2-27-575,575,දීනපමුනුව බටහිර,தீனபமுணுவ மேற்கு,Deenapamunuwa West,366D
57,116,1755,1-2-27-580,580,දීනපමුනුව,தீனபமுணுவ,Deenapamunuwa,366B
57,117,1756,1-2-27-585,585,යටවක,யடவக்க,Yatawaka,366/A
57,118,1757,1-2-27-590,590,සපුගස්තැන්න,சபுகஸ்தென்ன,Sapugasthenna,365B
57,119,1758,1-2-27-595,595,බෝපගම,‍‍போபகம,Bopagama,376
57,120,1759,1-2-27-600,600,බෝපගම නැගෙනහිර,‍‍போபகம கிழக்கு,Bopagama East,376A
57,121,1760,1-2-27-605,605,මීවිටගම්මන,மீவிடிகம்மண,Meevitagammana,375A
57,122,1761,1-2-27-610,610,බෝපැත්ත දකුණ,‍‍போபெத்த தெற்கு,Bopetta South,367B
57,123,1762,1-2-27-615,615,බෝපැත්ත,‍‍போபெத்த,Bopetta,367
57,124,1763,1-2-27-620,620,නාගොඩ,நாகொட,Nagoda,367A
57,125,1764,1-2-27-625,625,කුරවලාන,குரவளாண,Kurawalana,368A
57,126,1765,1-2-27-630,630,කහටෝවිට,கஹடோவிட,Kahatovita,369
57,127,1766,1-2-27-635,635,කහටෝවිට බටහිර,கஹடோவிட மேற்கு,Kahatovita West,369/A
57,128,1767,1-2-27-640,640,ඕගොඩපොල උතුර,ஒகொடபொல வடக்கு,Ogodapola North,314/A
57,129,1768,1-2-27-645,645,ඕගොඩපොල,ஒகொடபொல,Ogodapola,314
57,130,1769,1-2-27-650,650,කහඹිලිහේන,கஹம்பிலிஹேன,Kahambiliyahena,312/A
57,131,1770,1-2-27-655,655,උඩතුත්තිරිපිටිය,உடதுத்திரிபிட்டிய,Udathuththiripitiya,312
57,132,1771,1-2-27-660,660,මට්ටාගොඩ,மட்டகொட,Mattagoda,311
57,133,1772,1-2-27-665,665,වීරඟුල,வீரங்குல,Weerangula,310
57,134,1773,1-2-27-670,670,වීරඟුල දකුණ,வீரங்குல தெற்கு,Weerangula South,310/A
57,135,1774,1-2-27-675,675,කොස්කඳවල උතුර,கொஸ்கந்தவல வடக்கு,Koskandawala North,308/A
57,136,1775,1-2-27-680,680,කිරිකිත්තමුල්ල,கிரிகித்தமுல்ல,Kirikittamulla,309
57,137,1776,1-2-27-685,685,කිරිකිත්තමුල්ල දකුණ,கிரிகித்தமுல்ல தெற்கு,Kirikittamulla South,309A
57,138,1777,1-2-27-690,690,කොස්කඳවල,கொஸ் கந்த வல,Koskandawala,308
57,139,1778,1-2-27-695,695,ඕපත්ඇල්ල,ஓபத்எல்ல,Opathella,371
57,140,1779,1-2-27-700,700,පරණගම,பரணகம,Paranagama,370
57,141,1780,1-2-27-705,705,පරණගම නැගෙනහිර,பரணகம கிழக்கு,Paranagama East,370C
57,142,1781,1-2-27-710,710,අරුප්පස්ස,அருப்பஸ்ஸ,Aruppassa,368
57,143,1782,1-2-27-715,715,මඩකොටුව බටහිර,மடகொடுவ மேற்கு,Madaotuwa West,375B
57,144,1783,1-2-27-720,720,මඩකොටුව,மடகொடுவ,Madakotuwa,375
57,145,1784,1-2-27-725,725,රතඹලේ,றத்தம் பலே,Rathambale,374
57,146,1785,1-2-27-730,730,වල්ගම්මුල්ල,வல்கம்முல்ல,Walgammulla,373
57,147,1786,1-2-27-735,735,රුවන්පුර,ருவன் புர,Ruwanpura,370B
57,148,1787,1-2-27-740,740,ලාවුලුපිටිය,லாவுலுபிட்டிய,Lavulupitiya,372A
57,149,1788,1-2-27-745,745,ගල්බොඩ,கல்பொட,Galboda,370A
57,150,1789,1-2-27-750,750,දෙමටලන්ද,தெமட்டலந்த,Dematalanda,370D
57,151,1790,1-2-27-755,755,හප්පිටිය,ஹப்பிட்டிய,Happitiya,372
58,1,1791,1-2-30-005,005,මේරිලන්ඩ් ජනපදය,மேரி‍லேண்ட் கொலணி,Maryland Colony,389B
58,2,1792,1-2-30-010,010,ඉඳුරුගල්ල,இந்துருகல்ல,Indurugalla,389
58,3,1793,1-2-30-015,015,වතුරුගම,வதுருகம,Wathurugama,293
58,4,1794,1-2-30-020,020,බණ්ඩාරනායකපුර බටහිර,பண்டாரநாயக்கபுர ‍மேற்கு,Bandaranayakapura West,388C
58,5,1795,1-2-30-025,025,බණ්ඩාරනායකපුර නැගෙනහිර,பண்டாரநாயக்கபுர கிழக்கு,Bandaranayakapura East,388A
58,6,1796,1-2-30-030,030,මයිලවලාන,மைலவலான,Mailawalana,388
58,7,1797,1-2-30-035,035,මයිලවලාන දකුණ,மைலவலான தெற்கு,Mailawalana South,388B
58,8,1798,1-2-30-040,040,තිඹිරිගම,திம்பிரிகம,Thimbirigama,387A
58,9,1799,1-2-30-045,045,මහල්ලොලුව,மாஹல்லொலுவ,Mahal Loluwa,387
58,10,1800,1-2-30-050,050,ඉහළ මිල්ලතෙ,இஹல மில்ல‍தே,Ihala Millathe,386B
58,11,1801,1-2-30-055,055,පින්ගමුව,பிங்கமுவ,Pingamuwa,377
58,12,1802,1-2-30-060,060,පහළ මිල්ලතෙ,பஹல மில்ல‍தே,Pahala Millathe,386A
58,13,1803,1-2-30-065,065,මිල්ලතෙ,மில்ல‍தே,Millathe,386
58,14,1804,1-2-30-070,070,කිරිඳිවැල,கிரிந்திவெல,Kirindiwela,385
58,15,1805,1-2-30-075,075,බෝගහවත්ත,‍‍போகஹவத்தை,Bogahawatta,385A
58,16,1806,1-2-30-080,080,රඹුටන්වත්ත,றம்புட்டான்வத்தை,Rambutanwatta,390B
58,17,1807,1-2-30-085,085,ඇටඹගහවත්ත,எடம்பகஹவத்தை,Etambagahawatta,389C
58,18,1808,1-2-30-090,090,කන්නිමහර,கண்ணிமஹர,Kannimahara,389A
58,19,1809,1-2-30-095,095,රදාවාන උතුර,ரதாவான வடக்கு,Radawana North,390
58,20,1810,1-2-30-100,100,පාලුපැල්පිට,பாலுபெல்பிட்ட,Palupelpita,390E
58,21,1811,1-2-30-105,105,කිතුලකන්ද,கித்துலகந்த,Kithulakanda,390C
58,22,1812,1-2-30-110,110,රදාවාන දකුණ,ரதாவானதெற்கு,Radawana South,390A
58,23,1813,1-2-30-115,115,අල්ලියවත්ත,அல்லியவத்தை,Alliyawatta,390D
58,24,1814,1-2-30-120,120,දියවාල උතුර,தியவால வடக்கு,Diyawala North,391A
58,25,1815,1-2-30-125,125,දියවාල,தியவால,Diyawala,391
58,26,1816,1-2-30-130,130,මැද්දෙගම,மெத்தேகம,Meddegama,383
58,27,1817,1-2-30-135,135,උඩගම,உடகம,Udagama,384
58,28,1818,1-2-30-140,140,විහාරකුඹුර,விஹார கும்புர,Vihara Kumbura,384A
58,29,1819,1-2-30-145,145,කුට්ටිවිල,குட்டிவில,Kuttivila,377B
58,30,1820,1-2-30-150,150,තල්ගස්වත්ත,தல்கஸ்வத்தை,Thalgaswatta,377C
58,31,1821,1-2-30-155,155,කැන්දගොල්ල,கெந்தகொல்ல,Kendagolla,377A
58,32,1822,1-2-30-160,160,උඩවෙල,உடவெல,Udawela,378B
58,33,1823,1-2-30-165,165,කිරිමැටියවත්ත,கிரிமெட்டியாவத்தை,Kirimatiyawatta,378A
58,34,1824,1-2-30-170,170,හිස්වැල්ල,ஹிஸ்வெல்ல,Hiswella,378
58,35,1825,1-2-30-175,175,කිරිවාන,கிரிவான,Kiriwana,382A
58,36,1826,1-2-30-180,180,මැද්දෙගම උතුර,மெத்தேகம வடக்கு,Meddegama North,383A
58,37,1827,1-2-30-185,185,මැද්දෙගම දකුණ,மெத்தேகம தெற்கு,Meddegama South,383B
58,38,1828,1-2-30-190,190,වේරහැර,வேரஹெர,Werahera,382
58,39,1829,1-2-30-195,195,පල්ලේගම දකුණ,பள்ளேகம தெற்கு,Pallegama South,381B
58,40,1830,1-2-30-200,200,පල්ලේගම,பள்ளேகம,Pallegama,381
58,41,1831,1-2-30-205,205,අනුරගොඩ,அனுரகொட,Anuragoda,392
58,42,1832,1-2-30-210,210,වේරළුගම්පල,‍‍வெரலுகம்பல,Weralugampala,392A
58,43,1833,1-2-30-215,215,නැදුන්ගොල්ල දකුණ,நெடுங்கொல்ல தெற்கு,Nedungolla South,392D
58,44,1834,1-2-30-220,220,නැදුන්ගොල්ල,நெதுன்கொல்ல,Nedungolla,392B
58,45,1835,1-2-30-225,225,නන්දාරාම පෙදෙස,நந்தாரம பிரதேசம்,Nandarama Pedesa,394A
58,46,1836,1-2-30-230,230,මන්ඩාවල උතුර,மண்டாவல -வடக்கு,Mandawala North,394
58,47,1837,1-2-30-235,235,මාවත,மாவத்தை,Mawatha,394B
58,48,1838,1-2-30-240,240,පරකඩමුල්ල,பறகடமுல்ல,Parakadamulla,397B
58,49,1839,1-2-30-245,245,නාකඳපොල,நாகந்தபொலை,Nakandapola,397A
58,50,1840,1-2-30-250,250,කෑරගල,‍‍கேரகல,Keragala,397
58,51,1841,1-2-30-255,255,වැලිකැටියවත්ත,வெலிகெட்டியவத்தை,Weliketiyawatta,397C
58,52,1842,1-2-30-260,260,කුරුඳුහේන,குருந்து‍ஹேன,Kurunduhena,395B
58,53,1843,1-2-30-265,265,බදුවත්ත,பதுவத்தை,Baduwatta,395C
58,54,1844,1-2-30-270,270,මණ්ඩාවල දකුණ,மண்டாவல தெற்கு,Mandawala South,395
58,55,1845,1-2-30-275,275,අනුරගොඩ දකුණ,அனுரகொட தெற்கு,Anuragoda South,392C
58,56,1846,1-2-30-280,280,වල්පොල,வல்பொல,Walpola,381A
58,57,1847,1-2-30-285,285,පැපිලියවල,பெபிலியவல,Pepiliyawala,380B
58,58,1848,1-2-30-290,290,ගනිහගම උතුර,கணிஹகம வடக்கு,Ganihagama North,380A
58,59,1849,1-2-30-295,295,වටවල,வட்டவள,Watawala,379B
58,60,1850,1-2-30-300,300,මීතිරිගල,மீதிரிகல,Meethirigala,379
58,61,1851,1-2-30-305,305,පොල්හේන,பொல்‍ஹேன,Polhena,379C
58,62,1852,1-2-30-310,310,ගනිහගම දකුණ,கணிஹகம தெற்கு,Ganihagama South,380D
58,63,1853,1-2-30-315,315,දන්ගල්ල උතුර,தங்கல்ல வடக்கு,Dangalla North,380C
58,64,1854,1-2-30-320,320,මැණික්ලන්ද,மெணிக்லந்த,Meniklanda,422A
58,65,1855,1-2-30-325,325,පැල්පිට,பெல்பிட்ட,Pelpita,393
58,66,1856,1-2-30-330,330,පුංචි මණ්ඩාවල,புஞ்சி மண்டவல,Punchi Mandawala,395A
58,67,1857,1-2-30-335,335,වහරක,வஹரக,Waharaka,410C
58,68,1858,1-2-30-340,340,පුටුපාගල,புட்டுபகள,Putupagala,396
58,69,1859,1-2-30-345,345,වල්අරඹ,வளரம்ப,Walaramba,398A
58,70,1860,1-2-30-350,350,දෙමලගම,தெமலகம,Demalagama,398
58,71,1861,1-2-30-355,355,හැළුම්මහර,ஹெலும்மஹர,Helummahara,399
58,72,1862,1-2-30-360,360,පනන්වල,பனன்வல,Pananwala,399A
58,73,1863,1-2-30-365,365,එගොඩ පැලහැල,எகொட பெலஹேள,Egoda Pelahela,400B
58,74,1864,1-2-30-370,370,පැලහැල,பெலஹெல,Pelahela,400
58,75,1865,1-2-30-375,375,මදුරාව,மதுராவ,Madurawa,400A
58,76,1866,1-2-30-380,380,කජුගස්වත්ත,கஜுகஸ்வத்தை,Kajugaswatta,400C
58,77,1867,1-2-30-385,385,ඉහළ ලුණුගම,இஹல லுனுகம,Ihala Lunugama,410
58,78,1868,1-2-30-390,390,මීගහවත්ත,மீகஹவத்தை,Meegahawatta,410B
58,79,1869,1-2-30-395,395,යකඹේ,யக்கம்பே,Yakambe,393A
58,80,1870,1-2-30-400,400,පට්ටියගම,பட்டியகம,Pattiyagama,421
58,81,1871,1-2-30-405,405,දන්ගල්ල,தங்கல்ல,Dangalla,380
58,82,1872,1-2-30-410,410,රන්වල,ரண்வள,Ranwala,379A
58,83,1873,1-2-30-415,415,වෙදගම,வெதகம,Wedagama,379D
58,84,1874,1-2-30-420,420,උඩුගම,உடுகம,Udugama,423
58,85,1875,1-2-30-425,425,උඩුකනම්පැල්ල දකුණ,உடகனம்பெல்ல தெற்கு,Udakananpella South,424B
58,86,1876,1-2-30-430,430,උඩුකනම්පැල්ල,உடகனம்பெல்ல,Udakanampella,424A
58,87,1877,1-2-30-435,435,සෙනසුන්ගොඩ,செனசுங்கொட,Senasungoda,424
58,88,1878,1-2-30-440,440,පූගොඩ,பூகொட,Poogoda,422
58,89,1879,1-2-30-445,445,බංගලාවත්ත,பங்களாவத்தை,Bangalawatta,420A
58,90,1880,1-2-30-450,450,කුමාරිමුල්ල,குமாரிமுல்ல,Kumarimulla,419
58,91,1881,1-2-30-455,455,ඔවිටිගම,ஓவிடிகம,Ovitigama,420
58,92,1882,1-2-30-460,460,පරතාපකන්ද,பரதாபகந்த,Parathapakanda,420B
58,93,1883,1-2-30-465,465,දැතෑමුල්ල,தெதேமுல்ல,Dethemulla,406A
58,94,1884,1-2-30-470,470,පහල ලුණුගම,பஹல லுனுகம,Pahala Lunugama,410A
58,95,1885,1-2-30-475,475,වනළුවාව උතුර,வணலுவாவ வடக்கு,Wanaluwawa North,408
58,96,1886,1-2-30-480,480,තෙල්කැකුණ,தெல்கெகுண,Thelkekuna,404B
58,97,1887,1-2-30-485,485,ඉන්දොලමුල්ල,இந்தொலமுல்ல,Indolamulla,404
58,98,1888,1-2-30-490,490,පරංගොඩ,பரங்கொட,Parangoda,401A
58,99,1889,1-2-30-495,495,නාමළුව,நாமலுவ,Namaluwa,401C
58,100,1890,1-2-30-500,500,දෙකටන,தெகடண,Dekatana,401
58,101,1891,1-2-30-505,505,නාරම්පොල,நாரம்பொல,Narampola,401B
58,102,1892,1-2-30-510,510,කළුකොඳයාව බටහිර,களுகொந்தயாவ ‍மேற்கு,Kalukondayawa West,402A
58,103,1893,1-2-30-515,515,කළුකොඳයාව නැගෙනහිර,களுந்தயாவ கிழக்கு,Kalukondayawa East,402
58,104,1894,1-2-30-520,520,ගල්වලගොඩ,கல்வளகொட,Galwalagoda,401D
58,105,1895,1-2-30-525,525,ගනේගොඩ,க‍னேகொட,Ganegoda,404A
58,106,1896,1-2-30-530,530,දොම්පෙ,தொம்‍பே,Dompe,405
58,107,1897,1-2-30-535,535,ඉද්දමල්දෙනිය,இத்தமல்தெனிய,Iddamaldeniya,405A
58,108,1898,1-2-30-540,540,ගුරුවල,குருவல,Guruwala,409
58,109,1899,1-2-30-545,545,එගොඩ ගුරුවල,எகொட குருவல,Egoda Guruwala,409A
58,110,1900,1-2-30-550,550,වානළුවාව දකුණ,வானலுவாவ தெற்கு,Wanaluwawa South,408A
58,111,1901,1-2-30-555,555,ගිරිදර බටහිර,கிரிதர ‍மேற்கு,Giridara West,407C
58,112,1902,1-2-30-560,560,ගල්පොතුගොඩ,கல்பொதுகொட,Galpothugoda,406
58,113,1903,1-2-30-565,565,නිකවල,நிகவல,Nikawala,418
58,114,1904,1-2-30-570,570,කපුගොඩ,கப்புகொட,Kapugoda,418A
58,115,1905,1-2-30-575,575,ගිරිදර,கிரிதர,Giridara,407
58,116,1906,1-2-30-580,580,මාලිඳ නැගෙනහිර,மாலிந்த கிழக்கு,Malinda East,407B
58,117,1907,1-2-30-585,585,මාලිඳ,மாலிந்த,Malinda,407A
58,118,1908,1-2-30-590,590,පාලුගම,பாலுகம,Palugama,411
58,119,1909,1-2-30-595,595,දේගවත්ත,தெகவத்தை,Degawatta,405B
58,120,1910,1-2-30-600,600,පහළ දොම්පෙ,பஹல தொம்‍பே,Pahala Dompe,403
58,121,1911,1-2-30-605,605,මල්වාන,மல்வான,Malwana,413
58,122,1912,1-2-30-610,610,පහළ මාපිටිගම,பஹல மாபிட்டிகம,Pahala Mapitigama,412
58,123,1913,1-2-30-615,615,මොරහේන,மொர‍ஹேண,Morahena,412B
58,124,1914,1-2-30-620,620,කිඹුල්විලවත්ත,கிம்புல்விலவத்தை,Kimbulvilawatta,412A
58,125,1915,1-2-30-625,625,උඩමාපිටිගම,உடமாபிட்டிகம,Udamapitigama,414
58,126,1916,1-2-30-630,630,උඩමාපිටිගම දකුණ,உடமாபிட்டிகம தெற்கு,Udamapitigama South,414A
58,127,1917,1-2-30-635,635,පාලුගම බටහිර,பாலுகம ‍மேற்கு,Palugama West,411A
58,128,1918,1-2-30-640,640,වේල්ගම,வேல்கம,Welgama,415
58,129,1919,1-2-30-645,645,ලන්සියාහේන,லன்ஸியா‍ஹேண,Lansiyahena,415A
58,130,1920,1-2-30-650,650,සමනබැද්ද උතුර,சமணபெத்த வடக்கு,Samanabedda North,416A
58,131,1921,1-2-30-655,655,මහවලවත්ත,மஹவளவத்த,Mahawalawatta,417A
58,132,1922,1-2-30-660,660,තිත්තපත්තර,தித்தபத்தர,Thittapattara,417
58,133,1923,1-2-30-665,665,සමනබැද්ද,சமணபெத்த,Samanabedda,416
59,1,1924,1-2-33-005,005,කිඹුල්ගොඩ,கிம்புல்கொட,Kimbulgoda,304A
59,2,1925,1-2-33-010,010,පිටුවල්ගොඩ,பிட்டுவல்கொட,Pituwalgoda,306A
59,3,1926,1-2-33-015,015,කිනිගම,கிணிகம,Kinigama,304
59,4,1927,1-2-33-020,020,මාහරගම,மாஹரகம,Maharagama,303A
59,5,1928,1-2-33-025,025,සිවුරළුමුල්ල,சிவுரலுமுல்ல,Siwralumulla,303
59,6,1929,1-2-33-030,030,පිළිකුත්තුව,பிலிகுத்துவ,Pilikuththuwa,305
59,7,1930,1-2-33-035,035,යොන්ගම්මුල්ල,யொன்கம்முல்ல,Yongammulla,306
59,8,1931,1-2-33-040,040,අඹගස්පිටිය,அம்பகஸ்பிட்டிய,Ambgaspitiya,307A
59,9,1932,1-2-33-045,045,වරපලාන,வரபலான,Warapalana,294
59,10,1933,1-2-33-050,050,කඳුමුල්ල,கந்துமுல்ல,Kandumulla,307
59,11,1934,1-2-33-055,055,පස්ගම්මන,பஸ்கம்மண,Pasgammana,298
59,12,1935,1-2-33-060,060,මාළිගාතැන්න,மாலிகாதெண்ண,Maligathenna,297A
59,13,1936,1-2-33-065,065,බටේපොල උතුර,பட்‍டேபொல வடக்கு,Batepola North,295A
59,14,1937,1-2-33-070,070,බටේපොල,பட்‍டேபொல,Batepola,295
59,15,1938,1-2-33-075,075,අමුණුකුඹුර,அமுணுகும்புர,Amunukumbura,296
59,16,1939,1-2-33-080,080,මල්වතුහිරිපිටිය,மல்வத்துஹிரிபிட்டிய,Malwathuhiripitiya,297
59,17,1940,1-2-33-085,085,බුත්පිටිය උතුර,புத்பிட்டிய வடக்கு,Buthpitiya North,299
59,18,1941,1-2-33-090,090,ඌරුවල නැගෙනහිර,ஊருவல கிழக்கு,Uruwala East,302A
59,19,1942,1-2-33-095,095,ඌරුවල බටහිර,ஊருவல ‍மேற்கு,Uruwala West,302
59,20,1943,1-2-33-100,100,බුත්පිටිය දකුණ,புத்பிட்டிய தெற்கு,Buthpitiya South,300
59,21,1944,1-2-33-105,105,නීලමහර උතුර,நீலமஹர வடக்கு,Neelamahara North,298A
59,22,1945,1-2-33-110,110,නීලමහර දකුණ,நீலமஹர தெற்கு,Neelamahara South,298B
59,23,1946,1-2-33-115,115,අරමංගොඩ උතුර,அரமங்கொட வடக்கு,Aramangoda North,301B
59,24,1947,1-2-33-120,120,පුවක්පිටිය,புவக்பிட்டிய,Puwakpitiya,292A
59,25,1948,1-2-33-125,125,අමුණුකුඹුර දකුණ,அமுணுகும்புர தெற்கு,Amunukumbura South,296B
59,26,1949,1-2-33-130,130,බලිවිල,பலிவில,Balivila,296A
59,27,1950,1-2-33-135,135,විළිඹුල උතුර,விலிம்புல வடக்கு,Vilimbula North,292
59,28,1951,1-2-33-140,140,විළිඹුල දකුණ,விலிம்புல தெற்கு,Vilimbula South,292B
59,29,1952,1-2-33-145,145,අරමංගොඩ,அரமங்கொட,Aramangoda,301
59,30,1953,1-2-33-150,150,කහටාන,கஹடான,Kahatana,301A
59,31,1954,1-2-33-155,155,හේනේගම,‍‍ஹேனேகம,Henegama,291
59,32,1955,1-2-33-160,160,ඇටිකෙහෙල්ගල්ල නැගෙනහිර,எட்டிகெஹெல்கல்ல கிழக்கு,Etikehelgalla East,290
59,33,1956,1-2-33-165,165,ඇටිකෙහෙල්ගල්ල බටහිර,எட்டிகெஹெல்கல்ல ‍மேற்கு,Etikehelgalla West,290A
59,34,1957,1-2-33-170,170,කිරිකිත්ත උතුර,கிரிக்கித்த வடக்கு,Kirikitta North,289B
59,35,1958,1-2-33-175,175,කිරිකිත්ත නැගෙනහිර,கிரிக்கித்த கிழக்கு,Kirikitta East,289
59,36,1959,1-2-33-180,180,කිරිකිත්ත බටහිර,கிரிகித்த ‍மேற்கு,Kirikitta West,289A
59,37,1960,1-2-33-185,185,අහුගම්මන,அகுகம்மன,Ahugammana,284A
59,38,1961,1-2-33-190,190,නාරන්වල දකුණ,நாரன்வள தெற்கு,Naranwala South,284B
59,39,1962,1-2-33-195,195,නාරන්වල,நாரண்வள,Naranwala,284
59,40,1963,1-2-33-200,200,උඩුපිල නැගෙනහිර,உடுப்பில கிழக்கு,Udupila East,285B
59,41,1964,1-2-33-205,205,උඩුපිල දකුණ,உடுபில தெற்கு,Udupila South,285A
59,42,1965,1-2-33-210,210,උඩුපිල උතුර,உடுபில வடக்கு,Udupila North,285
59,43,1966,1-2-33-215,215,වෑබඩ දකුණ,‍‍வேபட தெற்கு,Webada South,288A
59,44,1967,1-2-33-220,220,වෑබඩ උතුර,‍‍வேபட வடக்கு,Webada North,288
59,45,1968,1-2-33-225,225,වෑබඩ බටහිර,‍‍வேபட ‍மேற்கு,Webada West,288B
59,46,1969,1-2-33-230,230,කිරිල්ලවල උතුර,கிரில்லவள வடக்கு,Kirillawala North,287D
59,47,1970,1-2-33-235,235,කිරිල්ලවල,கிரில்லவள,Kirillawala,287
59,48,1971,1-2-33-240,240,කිරිල්ලවල බටහිර,கிரில்லவள ‍மேற்கு,Kirillawala West,287C
59,49,1972,1-2-33-245,245,සූරියපාලුව උතුර,சூரியபாலுவ வடக்கு,Sooriyapaluwa North,245
59,50,1973,1-2-33-250,250,කැන්දලියද්දපාළුව නැගෙනහිර,கெந்தலியெத்தபாலுவ கிழக்கு,Kendaliyeddapaluwa East,246
59,51,1974,1-2-33-255,255,කැන්දලියද්දපාළුව උතුර,கெந்தலியெத்தபாலுவ வடக்கு,Kendaliyeddapaluwa North,246C
59,52,1975,1-2-33-260,260,දංගහවෙල,தங்கஹவெள,Dangahawela,246B
59,53,1976,1-2-33-265,265,කැන්දලියද්දපාළුව බටහිර,கெந்தலியெத்தபாலுவ ‍மேற்கு,Kendaliyeddapaluwa West,246A
59,54,1977,1-2-33-270,270,මහර නුගේගොඩ උතුර,மஹர நு‍கேகொட வடக்கு,Mahara Nugegoda North,247B
59,55,1978,1-2-33-275,275,මහර නුගේගොඩ බටහිර,மஹர நு‍கேகொட ‍மேற்கு,Mahara Nugedoga West,247A
59,56,1979,1-2-33-280,280,මහර නුගේගොඩ නැගෙනහිර,மஹர நு‍கேகொட கிழக்கு,Mahara Nugegoda East,247
59,57,1980,1-2-33-285,285,සූරියපාලුව නැගෙනහිර,சூரியபாலுவ கிழக்கு,Sooriyapaluwa East,245B
59,58,1981,1-2-33-290,290,සූරියපාලුව දකුණ,சூரியபாலுவ தெற்கு,Sooriyapaluwa South,245A
59,59,1982,1-2-33-295,295,රන්මුතුගල,ரண்முத்துகல,Ranmuthugala,287A
59,60,1983,1-2-33-300,300,කිරිල්ලවල දකුණ,கிரில்லவள தெற்கு,Kirillawala South,287B
59,61,1984,1-2-33-305,305,වෑබඩ නැගෙනහිර,‍‍வேபட கிழக்கு,Webada East,288C
59,62,1985,1-2-33-310,310,ගෝනහේන නැගෙනහිර,‍கோண‍ஹேண கிழக்கு,Gonahena East,286
59,63,1986,1-2-33-315,315,ගෝනහේන උතුර,‍கோண‍ஹேண வடக்கு,Gonahena North,286C
59,64,1987,1-2-33-320,320,ගෝනහේන දකුණ,‍கோண‍ஹேண தெற்கு,Gonahena South,286D
59,65,1988,1-2-33-325,325,ගෝනහේන බටහිර,‍கோண‍ஹேண ‍மேற்கு,Gonahena West,286A
59,66,1989,1-2-33-330,330,ඇල්දෙනිය නැගෙනහිර,எல்தெணிய கிழக்கு,Eldeniya East,286E
59,67,1990,1-2-33-335,335,ඇල්දෙනිය බටහිර,எல்தெணிய ‍மேற்கு,Eldeniya West,286B
59,68,1991,1-2-33-340,340,පුවක්වැටිය,புவக்வெட்டிய,Puwakwetiya,248C
59,69,1992,1-2-33-345,345,ඉහළ කරගහමුණ දකුණ,இஹல கரகஹமுல்ல தெற்கு,Ihala Karagahamuna South,248A
59,70,1993,1-2-33-350,350,ඉහළ කරගහමුණ නැගෙනහිර,இஹல கரகஹமுண கிழக்கு,Ihala Karagahamuna East,248B
59,71,1994,1-2-33-355,355,ඉහළ කරගහමුණ උතුර,இஹல கரகஹமுண வடக்கு,Ihala Karagahamuna North,248
59,72,1995,1-2-33-360,360,මහර නුගේගොඩ දකුණ,மஹர நு‍கேகொட தெற்கு,Mahara Nugegoda South,247C
59,73,1996,1-2-33-365,365,නැලිගම,நெலிகம,Neligama,249C
59,74,1997,1-2-33-370,370,පහළ කරගහමුණ උතුර,பஹல கரகஹமுண வடக்கு,Pahala Karagahamuna North,249
59,75,1998,1-2-33-375,375,පහළ කරගහමුණ නැගෙනහිර,பஹல கரகஹமுண கிழக்கு,Pahala Karagahamuna East,249A
59,76,1999,1-2-33-380,380,පහළ කරගහමුණ බටහිර,பஹல கரகஹமுண ‍மேற்கு,Pahala Karagahamuna West,249B
59,77,2000,1-2-33-385,385,කෝපිවත්ත,‍‍கோப்பிவத்த,Kopiwatta,251A
59,78,2001,1-2-33-390,390,දළුපිටිය නැගෙනහිර,தலுபிட்டிய கிழக்கு,Dalupitiya East,252
59,79,2002,1-2-33-395,395,කිරිමැටියාගාර,கிரிமெட்டியாகார,Kirimetiyagara,251
59,80,2003,1-2-33-400,400,දළුපිටිය දකුණ,தலுபிட்டிய தெற்கு,Dalupitiya South,252B
59,81,2004,1-2-33-405,405,දළුපිටිය බටහිර,தலுபிட்டிய ‍மேற்கு,Dalupitiya West,252A
59,82,2005,1-2-33-410,410,පින්නමැද බටහිර,பிண்ணமெத ‍மேற்கு,Pinnameda West,255D
59,83,2006,1-2-33-415,415,ගොංගිතොට,கொங்கிதொட்ட,Gongithota,255C
59,84,2007,1-2-33-420,420,අප්පුගෙවත්ත,அப்புகெவத்த,Appugewatta,255H
59,85,2008,1-2-33-425,425,ගොංගිතොට බටහිර,கொங்கிதொட்ட ‍மேற்கு,Gongithota West,255G
59,86,2009,1-2-33-430,430,එඬේරමුල්ල දකුණ,எண்‍டேரமுல்ல தெற்கு,Enderamulla South,255B
59,87,2010,1-2-33-435,435,එඬේරමුල්ල නැගෙනහිර,எண்‍டேரமுல்ல கிழக்கு,Enderamulla East,255E
59,88,2011,1-2-33-440,440,පින්නමැද,பிண்ணமெத,Pinnameda,255
59,89,2012,1-2-33-445,445,නාතුඩුව,நாதுடுவ,Nathuduwa,253
59,90,2013,1-2-33-450,450,එඬේරමුල්ල බටහිර,எண்‍டேரமுல்ல ‍மேற்கு,Enderamulla West,255F
59,91,2014,1-2-33-455,455,නාතුඩුව බටහිර,நாதுடுவ ‍மேற்கு,Nathuduwa West,253A
59,92,2015,1-2-33-460,460,අක්බාර් නගරය,அக்பார் டவுண்,Akbar Town,255A
60,1,2016,1-2-36-005,005,වෙලේගොඩ,வெ‍லேகொட,Welegoda,256B
60,2,2017,1-2-36-010,010,හුණුපිටිය උතුර,ஹுணுபிட்டிய வடக்கு,Hunupitiya North,256
60,3,2018,1-2-36-015,015,නාහේන,நா‍ஹேண,Nahena,256C
60,4,2019,1-2-36-020,020,ඊරියවැටිය,ஈறியவெட்டி,Eriyawetiya,259A
60,5,2020,1-2-36-025,025,කිරිබත්ගොඩ,கிரிபத்கொட,Kiribathgoda,267A
60,6,2021,1-2-36-030,030,තලවතුහේන්පිට උතුර,தலவது‍ஹென்பிட்ட வடக்கு,Thalawathuhenpita North,267
60,7,2022,1-2-36-035,035,තලවතුහේන්පිට දකුණ,தலவத்து‍கேன்பிட்ட தெற்கு,Thalawathuhenpita South,266
60,8,2023,1-2-36-040,040,කැන්දහේන,கெந்த‍ஹேண,Kendahena,266A
60,9,2024,1-2-36-045,045,එගොඩ ඊරියවැටිය,எகொட ஈறியவெட்டி,Egoda Eriyawetiya,259C
60,10,2025,1-2-36-050,050,හුණුපිටිය නැගෙනහිර,ஹுணுபிட்டிய கிழக்கு,Hunupitiya East,256D
60,11,2026,1-2-36-055,055,හුණුපිටිය දකුණ,ஹுணுபிட்டிய தெற்கு,Hunupitiya South,256A
60,12,2027,1-2-36-060,060,වනවාසල බටහිර,வனவாசல ‍மேற்கு,Wanawasala West,257
60,13,2028,1-2-36-065,065,වනවාසල නැගෙනහිර,வனவாசல கிழக்கு,Wanawasala East,257B
60,14,2029,1-2-36-070,070,දිප්පිටිගොඩ,திப்பிடிகொட,Dippitigoda,260
60,15,2030,1-2-36-075,075,වේවැල්දූව,‍வேவெல்தூவ,Weweldoowa,258
60,16,2031,1-2-36-080,080,වරාකනත්ත,வராகனத்த,Warakanatta,259
60,17,2032,1-2-36-085,085,කොහොල්විල,கொஹொல்வில,Koholvila,259B
60,18,2033,1-2-36-090,090,දළුගම්ගොඩ,தலுகம்கொட,Dalugamgoda,258A
60,19,2034,1-2-36-095,095,නුංගමුගොඩ,நுங்கமுகொட,Nungamugoda,258B
60,20,2035,1-2-36-100,100,දළුගම,தலுகம,Dalugama,260A
60,21,2036,1-2-36-105,105,හිඹුටුවැල්ගොඩ,ஹிம்புடுவெல்கொட,Himbutuwelgoda,257A
60,22,2037,1-2-36-110,110,පට්ටිය නැගෙනහිර,‍ பட்டிய கிழக்கு,Pattiya East,173
60,23,2038,1-2-36-115,115,පට්ටිය උතුර,பட்டிய வடக்கு,Pattiya North,173B
60,24,2039,1-2-36-120,120,මීගහවත්ත,மீகஹவத்த,Meegahawatta,174C
60,25,2040,1-2-36-125,125,පෑලියගොඩවත්ත,‍பேலியகொடவத்த,Peliyagodawatta,174A
60,26,2041,1-2-36-130,130,පෑලියගොඩ ගඟබඩ,‍பேலியகொட கங்கபட,Peliyagoda Gangabada,174
60,27,2042,1-2-36-135,135,පෑලියගොඩ ගඟබඩ නැගෙනහිර,‍பேலியகொட கங்கபட கிழக்கு,Peliyagoda Gangabada East,174B
60,28,2043,1-2-36-140,140,පට්ටිය බටහිර,பட்டிய ‍மேற்கு,Pattiya West,173A
60,29,2044,1-2-36-145,145,වෙදමුල්ල,வெதமுல்ல,Wedamulla,261
60,30,2045,1-2-36-150,150,ගල්බොරැල්ල,கல்பொரெல்ல,Galborella,261A
60,31,2046,1-2-36-155,155,පොල්හේන,பொல்‍ஹேன,Polhena,264A
60,32,2047,1-2-36-160,160,කැළණිය,களணி,Kelaniya,264
60,33,2048,1-2-36-165,165,සිංහාරමුල්ල උතුර,சிங்ஹாரமுல்ல வடக்கு,Sinharamulla North,263B
60,34,2049,1-2-36-170,170,පිලපිටිය,பிலபிடிய,Pilapitiya,263A
60,35,2050,1-2-36-175,175,පෙතියාගොඩ,பெதியாகொட,Pethiyagoda,262
60,36,2051,1-2-36-180,180,මෑවෑල්ල,மேவெல்ல,Mawella,262A
60,37,2052,1-2-36-185,185,සිංහාරමුල්ල,சிங்ஹாரமுல்ல,Sinharamulla,263
61,1,2053,1-2-39-005,005,පහළ බියන්විල නැගෙනහිර,பஹல பியன்வில கிழக்கு,Pahala Biyanvila East,268
61,2,2054,1-2-39-010,010,ඉහළ බියන්විල උතුර,இஹல பியன்வில வடக்கு,Ihala Biyanvila North,269
61,3,2055,1-2-39-015,015,ඉහළ බියන්විල මධ්‍යම,மத்திய இஹல பியன்வில,Ihala Biyanvila Central,269/B
61,4,2056,1-2-39-020,020,මාවරමණ්ඩිය,மாவரமண்டிய,Mawaramandiya,269/A
61,5,2057,1-2-39-025,025,මීගහවත්ත බටහිර,மீகஹவத்த மேற்கு,Meegahawatta West,272/A
61,6,2058,1-2-39-030,030,මීගහවත්ත නැගෙනහිර,மீகஹவத்த கிழக்கு,Meegahawatta East,272
61,7,2059,1-2-39-035,035,කම්මල්වත්ත,கம்மல்வத்த,Kammalwatta,273
61,8,2060,1-2-39-040,040,දෙල්ගොඩ,தெல்கொட,Delgoda,282/A
61,9,2061,1-2-39-045,045,අතුරුමුල්ල,அதுருமுல்ல,Athurumulla,283
61,10,2062,1-2-39-050,050,කඳුබොඩ නැගෙනහිර,கந்துபொட கிழக்கு,Kanduboda East,282
61,11,2063,1-2-39-055,055,කඳුබොඩ බටහිර,கந்துபொட மேற்கு,Kanduboda West,282/B
61,12,2064,1-2-39-060,060,සියඹලාපෙ වත්ත,சியம்பலா‍ப்பே வத்தை,Siyambalape Watta,274/C
61,13,2065,1-2-39-065,065,දරණගම,தரணகம,Daranagama,272B
61,14,2066,1-2-39-070,070,සියඹලාපෙ උතුර,சியம்பலா‍ப்பே வடக்கு,Siyambalape North,274
61,15,2067,1-2-39-075,075,හෙයියන්තුඩුව උතුර,ஹெய்யந்துடுவ வடக்கு,Heiyanthuduwa North,275
61,16,2068,1-2-39-080,080,මාකොළ දකුණ ඉහළ,மாக்கொல தெற்கு இஹல,Makola South Ihala,271
61,17,2069,1-2-39-085,085,මාකොළ උතුර ඉහළ,மாகொல வடக்கு இஹல,Makola North Ihala,270
61,18,2070,1-2-39-090,090,මාකොළ උතුර මධ්‍යම,மாக்கொல வடமத்திய,Makola North Central,270/A
61,19,2071,1-2-39-095,095,පහළ බියන්විල බටහිර,பஹல பியன்வில மேற்கு,Pahala Biyanvila West,268/A
61,20,2072,1-2-39-100,100,පහළ බියන්විල මධ්‍යම,பஹல பியன்வில மத்திய,Pahala Biyanvila Central,268/B
61,21,2073,1-2-39-105,105,මාකොළ උතුර පහළ,மாகொல வடக்கு பஹல,Makola North Pahala,270/B
61,22,2074,1-2-39-110,110,මාකොළ දකුණ පහළ,மாகொல தெற்கு பஹல,Makola South Pahala,271/B
61,23,2075,1-2-39-115,115,පමුණුවිල,பமுணுவில,Pamunuvila,265
61,24,2076,1-2-39-120,120,ගෝනවල නැගෙනහිර,‍‍கோணவல கிழக்கு,Gonawala East,277
61,25,2077,1-2-39-125,125,සපුගස්කන්ද,சப்புகஸ்கந்த,Sapugaskanda,271/A
61,26,2078,1-2-39-130,130,හෙයියන්තුඩුව බටහිර,ஹெயியன்துடுவ மேற்கு,Heiyanthuduwa West,275/C
61,27,2079,1-2-39-135,135,හෙයියන්තුඩුව නැගෙනහිර,ஹெயியன்துடுவ கிழக்கு,Heiyanthuduwa East,275B
61,28,2080,1-2-39-140,140,සියඹලාපෙ දකුණ,சியம்பலா‍பே தெற்கு,Siyambalape South,274/A
61,29,2081,1-2-39-145,145,යටිහේන,யடி‍ஹேன,Yatihena,274/B
61,30,2082,1-2-39-150,150,උලහිටිවල,உலஹிடிவல,Ulahitiwala,281/B
61,31,2083,1-2-39-155,155,වල්ගම බටහිර,வல்கம மேற்கு,Walgama West,281/A
61,32,2084,1-2-39-160,160,බියගම උතුර,பியகம வடக்கு,Biyagama North,280
61,33,2085,1-2-39-165,165,බියගම බටහිර,பியகம மேற்கு,Biyagama West,280/D
61,34,2086,1-2-39-170,170,හෙයියන්තුඩුව දකුණ,ஹெய்யண்துடுவ தெற்கு,Heiyanthuduwa South,275A
61,35,2087,1-2-39-175,175,මාබිම නැගෙනහිර,மாபிம கிழக்கு,Mabima East,276
61,36,2088,1-2-39-180,180,මාබිම බටහිර,மாபிம மேற்கு,Mabima West,276A
61,37,2089,1-2-39-185,185,පට්ටිවිල උතුර,பட்டிவில வடக்கு,Pattivila North,279
61,38,2090,1-2-39-190,190,ගෝනවල මධ්‍යම,மத்திய ‍‍கோணவல,Gonawala Central,277B
61,39,2091,1-2-39-195,195,ගලඒදණ්ඩ,கல்ஏதண்ட,Galeadanda,265A
61,40,2092,1-2-39-200,200,ගෝනවල බටහිර,‍‍கோணவல மேற்கு,Gonawala West,277/A
61,41,2093,1-2-39-205,205,තල්වත්ත,தல்வத்த,Thalwatta,278
61,42,2094,1-2-39-210,210,‍බොල්ලෑගල,பொல்லேகல,Bollagala,278A
61,43,2095,1-2-39-215,215,පට්ටිවිල දකුණ,பட்டிவில தெற்கு,Pattivila South,279/A
61,44,2096,1-2-39-220,220,බියගම දකුණ,பியகம தெற்கு,Biyagama South,280/C
61,45,2097,1-2-39-225,225,බියගම නැගෙනහිර,பியகம கிழக்கு,Biyagama East,280B
61,46,2098,1-2-39-230,230,යබරළුව උතුර,யபரலுவ வடக்கு,Yabaraluwa North,280/A
61,47,2099,1-2-39-235,235,යබරළුව දකුණ,யபரலுவ தெற்கு,Yabaraluwa South,280/E
61,48,2100,1-2-39-240,240,මල්වාන නගරය,மல்வான நகரம்,Malwana Town,281/C
61,49,2101,1-2-39-245,245,වල්ගම නැගෙනහිර,வல்கம கிழக்கு,Walgama East,281